# 30
# 191 ./MegaCam.u_1 0 2
3310  0  2
3320  0.00415769  2
3325  0.00604984  2
3330  0.00867815  2
3335  0.0123877  2
3340  0.0174045  2
3345  0.0241959  2
3350  0.03281  2
3355  0.0428621  2
3360  0.053912  2
3365  0.0654164  2
3370  0.0765604  2
3375  0.0877528  2
3380  0.0974921  2
3385  0.105302  2
3390  0.110881  2
3395  0.114237  2
3400  0.116109  2
3405  0.117137  2
3410  0.117632  2
3415  0.117407  2
3420  0.117517  2
3425  0.11796  2
3430  0.118397  2
3435  0.118779  2
3440  0.119718  2
3445  0.123325  2
3450  0.128731  2
3455  0.135383  2
3460  0.142749  2
3465  0.149145  2
3470  0.153448  2
3475  0.155118  2
3480  0.15455  2
3485  0.152108  2
3490  0.149798  2
3495  0.150747  2
3500  0.154259  2
3505  0.158812  2
3510  0.16408  2
3515  0.168762  2
3520  0.172403  2
3525  0.174939  2
3530  0.177052  2
3535  0.179246  2
3540  0.181689  2
3545  0.184602  2
3550  0.187083  2
3555  0.188681  2
3560  0.188869  2
3565  0.188099  2
3570  0.185614  2
3575  0.1819  2
3580  0.176881  2
3585  0.171481  2
3590  0.167218  2
3595  0.165397  2
3600  0.167326  2
3605  0.173083  2
3610  0.181273  2
3615  0.189367  2
3620  0.19629  2
3625  0.201448  2
3630  0.205335  2
3635  0.20847  2
3640  0.211088  2
3645  0.212898  2
3650  0.21358  2
3655  0.212261  2
3660  0.210311  2
3665  0.208583  2
3670  0.207383  2
3675  0.205829  2
3680  0.202717  2
3685  0.196804  2
3690  0.188302  2
3695  0.1799  2
3700  0.173813  2
3705  0.172843  2
3710  0.177237  2
3715  0.184592  2
3720  0.192382  2
3725  0.197019  2
3730  0.199086  2
3735  0.199501  2
3740  0.199569  2
3745  0.200641  2
3750  0.20137  2
3755  0.201089  2
3760  0.200782  2
3765  0.202529  2
3770  0.208519  2
3775  0.218745  2
3780  0.231985  2
3785  0.244283  2
3790  0.252382  2
3795  0.25616  2
3800  0.257757  2
3805  0.260253  2
3810  0.266141  2
3815  0.275088  2
3820  0.28566  2
3825  0.295223  2
3830  0.303744  2
3835  0.310001  2
3840  0.315153  2
3845  0.319166  2
3850  0.321634  2
3855  0.322452  2
3860  0.321263  2
3865  0.31927  2
3870  0.316019  2
3875  0.311835  2
3880  0.305944  2
3885  0.299146  2
3890  0.292666  2
3895  0.287727  2
3900  0.286496  2
3905  0.288453  2
3910  0.292968  2
3915  0.298374  2
3920  0.30211  2
3925  0.303708  2
3930  0.303578  2
3935  0.303406  2
3940  0.304537  2
3945  0.307831  2
3950  0.312919  2
3955  0.31847  2
3960  0.324066  2
3965  0.328815  2
3970  0.332698  2
3975  0.33479  2
3980  0.336437  2
3985  0.337177  2
3990  0.337453  2
3995  0.338169  2
4000  0.338416  2
4005  0.338768  2
4010  0.338647  2
4015  0.337598  2
4020  0.33559  2
4025  0.333075  2
4030  0.331487  2
4035  0.33085  2
4040  0.333078  2
4045  0.336726  2
4050  0.34136  2
4055  0.345056  2
4060  0.345854  2
4065  0.344173  2
4070  0.338553  2
4075  0.330924  2
4080  0.32126  2
4085  0.310531  2
4090  0.298228  2
4095  0.283873  2
4100  0.266902  2
4105  0.24749  2
4110  0.225966  2
4115  0.203314  2
4120  0.181055  2
4125  0.159699  2
4130  0.139761  2
4135  0.121256  2
4140  0.105213  2
4145  0.0906203  2
4150  0.0780091  2
4155  0.0668809  2
4160  0.0577606  2
4165  0.0496269  2
4170  0.0424903  2
4175  0.036879  2
4180  0.031761  2
4185  0.0276621  2
4190  0.0240665  2
4195  0.0209802  2
4200  0.0178781  2
4205  0.0158253  2
4210  0.0137592  2
4215  0.0122096  2
4220  0.0106502  2
4225  0.00908078  2
4230  0.00803734  2
4235  0.0069878  2
4240  0.00647072  2
4245  0.00540911  2
4250  0.00488339  2
4255  0.00435469  2
4260  0.00382253  2
4270  0  2
# 41 ./MegaCam.u 0 3
3150  0  3
3160  0.00658686  3
3180  0.0130445  3
3200  0.0240649  3
3220  0.0353839  3
3250  0.0554655  3
3270  0.0752053  3
3290  0.0949453  3
3310  0.106971  3
3330  0.122581  3
3360  0.138299  3
3380  0.14494  3
3400  0.154748  3
3420  0.167615  3
3450  0.18488  3
3470  0.192966  3
3490  0.201963  3
3510  0.21069  3
3530  0.218291  3
3560  0.231365  3
3580  0.239709  3
3600  0.247768  3
3620  0.259277  3
3640  0.271712  3
3670  0.291371  3
3690  0.301265  3
3710  0.314499  3
3730  0.326844  3
3750  0.338074  3
3780  0.356504  3
3800  0.367694  3
3820  0.376123  3
3840  0.386599  3
3860  0.396963  3
3890  0.411466  3
3910  0.419968  3
3930  0.427615  3
3950  0.415824  3
3970  0.249148  3
4000  0.0196986  3
4010  0  3
# 161 ./HSC.g 0 4
3950  0  4
3960  0.0104426  4
3970  0.0211027  4
3980  0.0417333  4
3990  0.0802796  4
4000  0.135381  4
4010  0.18934  4
4020  0.224787  4
4030  0.241412  4
4040  0.248806  4
4050  0.253795  4
4060  0.258131  4
4070  0.263077  4
4080  0.269484  4
4090  0.274051  4
4100  0.279403  4
4110  0.284095  4
4120  0.289235  4
4130  0.292938  4
4140  0.297344  4
4150  0.302199  4
4160  0.307159  4
4170  0.311881  4
4180  0.316534  4
4190  0.321902  4
4200  0.326944  4
4210  0.330083  4
4220  0.334284  4
4230  0.338589  4
4240  0.342823  4
4250  0.348397  4
4260  0.350721  4
4270  0.354647  4
4280  0.3569  4
4290  0.35996  4
4300  0.365174  4
4310  0.371035  4
4320  0.377009  4
4330  0.381388  4
4340  0.385964  4
4350  0.390105  4
4360  0.393808  4
4370  0.397705  4
4380  0.401162  4
4390  0.405724  4
4400  0.410759  4
4410  0.414623  4
4420  0.417674  4
4430  0.422115  4
4440  0.42611  4
4450  0.429472  4
4460  0.434604  4
4470  0.438827  4
4480  0.442227  4
4490  0.446664  4
4500  0.450275  4
4510  0.453898  4
4520  0.456124  4
4530  0.459673  4
4540  0.464459  4
4550  0.46841  4
4560  0.472659  4
4570  0.476637  4
4580  0.480913  4
4590  0.484346  4
4600  0.488744  4
4610  0.491243  4
4620  0.493747  4
4630  0.496546  4
4640  0.498871  4
4650  0.501202  4
4660  0.504505  4
4670  0.508303  4
4680  0.511626  4
4690  0.515446  4
4700  0.518692  4
4710  0.521849  4
4720  0.524134  4
4730  0.526815  4
4740  0.528717  4
4750  0.529733  4
4760  0.532628  4
4770  0.535232  4
4780  0.539133  4
4790  0.543543  4
4800  0.546572  4
4810  0.548809  4
4820  0.552152  4
4830  0.554701  4
4840  0.556453  4
4850  0.559919  4
4860  0.561073  4
4870  0.563441  4
4880  0.569057  4
4890  0.571746  4
4900  0.574746  4
4910  0.577652  4
4920  0.578829  4
4930  0.581438  4
4940  0.583644  4
4950  0.586983  4
4960  0.589817  4
4970  0.592451  4
4980  0.594987  4
4990  0.601052  4
5000  0.605786  4
5010  0.609286  4
5020  0.611962  4
5030  0.612763  4
5040  0.613772  4
5050  0.61457  4
5060  0.617258  4
5070  0.620478  4
5080  0.625288  4
5090  0.629796  4
5100  0.632198  4
5110  0.634817  4
5120  0.63691  4
5130  0.639751  4
5140  0.642386  4
5150  0.644812  4
5160  0.647457  4
5170  0.651073  4
5180  0.653946  4
5190  0.655855  4
5200  0.658846  4
5210  0.662169  4
5220  0.665391  4
5230  0.667425  4
5240  0.669246  4
5250  0.66976  4
5260  0.673766  4
5270  0.677017  4
5280  0.678192  4
5290  0.682661  4
5300  0.684612  4
5310  0.686014  4
5320  0.689073  4
5330  0.69225  4
5340  0.696654  4
5350  0.703179  4
5360  0.704827  4
5370  0.707369  4
5380  0.711591  4
5390  0.714256  4
5400  0.715469  4
5410  0.7132  4
5420  0.702251  4
5430  0.675811  4
5440  0.623853  4
5450  0.547823  4
5460  0.452463  4
5470  0.349935  4
5480  0.254767  4
5490  0.174638  4
5500  0.112717  4
5510  0.0675013  4
5520  0.0377089  4
5530  0.0199794  4
5540  0.0105829  4
5550  0  4
# 448 ./HSC.r 0 5
5264.4  0  5
5274.4  0.00609143  5
5278.6  0.00618095  5
5282.8  0.00618587  5
5287  0.00636039  5
5291.2  0.00645032  5
5295.4  0.0063705  5
5299.6  0.00680059  5
5303.8  0.00680598  5
5308  0.00698165  5
5312.2  0.00715759  5
5316.5  0.00733395  5
5320.7  0.00802251  5
5324.9  0.00819966  5
5329.1  0.00854805  5
5333.3  0.00881144  5
5337.5  0.0095033  5
5341.7  0.00985351  5
5345.9  0.0102043  5
5350.2  0.0109848  5
5354.4  0.0116805  5
5358.6  0.0122054  5
5362.8  0.0130752  5
5367  0.0137742  5
5371.2  0.0148188  5
5375.4  0.0159513  5
5379.7  0.017431  5
5383.9  0.0189991  5
5388.1  0.0209153  5
5392.3  0.0235264  5
5396.5  0.0264013  5
5400.8  0.0298876  5
5405  0.0339856  5
5409.2  0.0392179  5
5413.4  0.0449794  5
5417.6  0.0517925  5
5421.9  0.0598347  5
5426.1  0.0684977  5
5430.3  0.0785677  5
5434.5  0.0898735  5
5438.7  0.101895  5
5443  0.115857  5
5447.2  0.1308  5
5451.4  0.147603  5
5455.6  0.166093  5
5459.9  0.186455  5
5464.1  0.208597  5
5468.3  0.232879  5
5472.5  0.25948  5
5476.8  0.287708  5
5481  0.316853  5
5485.2  0.347539  5
5489.4  0.377742  5
5493.7  0.407559  5
5497.9  0.43609  5
5502.1  0.463077  5
5506.4  0.486756  5
5510.6  0.507369  5
5514.8  0.52474  5
5519.1  0.538871  5
5523.3  0.549824  5
5527.5  0.558222  5
5531.7  0.564414  5
5536  0.568671  5
5540.2  0.572479  5
5544.4  0.576026  5
5548.7  0.57852  5
5552.9  0.58065  5
5557.1  0.582337  5
5561.4  0.583769  5
5565.6  0.585638  5
5569.9  0.586358  5
5574.1  0.586532  5
5578.3  0.588674  5
5582.6  0.589576  5
5586.8  0.590736  5
5591  0.59145  5
5595.3  0.592353  5
5599.5  0.592888  5
5603.8  0.593792  5
5608  0.594957  5
5612.2  0.596213  5
5616.5  0.59739  5
5620.7  0.598017  5
5625  0.599467  5
5629.2  0.600186  5
5633.4  0.600724  5
5637.7  0.602087  5
5641.9  0.602626  5
5646.2  0.603176  5
5650.4  0.604168  5
5654.7  0.604809  5
5658.9  0.605168  5
5663.1  0.60589  5
5667.4  0.606804  5
5671.6  0.607527  5
5675.9  0.607623  5
5680.1  0.608346  5
5684.4  0.608716  5
5688.6  0.609439  5
5692.9  0.610174  5
5697.1  0.610624  5
5701.4  0.612091  5
5705.6  0.612175  5
5709.9  0.613461  5
5714.1  0.614279  5
5718.4  0.615292  5
5722.6  0.616386  5
5726.9  0.617309  5
5731.1  0.618405  5
5735.4  0.619605  5
5739.6  0.620979  5
5743.9  0.621905  5
5748.1  0.622821  5
5752.4  0.623563  5
5756.6  0.624665  5
5760.9  0.625132  5
5765.2  0.626246  5
5769.4  0.62698  5
5773.7  0.627262  5
5777.9  0.628274  5
5782.2  0.628463  5
5786.4  0.629384  5
5790.7  0.63013  5
5794.9  0.631052  5
5799.2  0.631241  5
5803.5  0.632361  5
5807.7  0.632725  5
5812  0.633194  5
5816.2  0.634584  5
5820.5  0.635147  5
5824.8  0.636177  5
5829  0.63729  5
5833.3  0.637947  5
5837.5  0.638594  5
5841.8  0.639626  5
5846.1  0.640097  5
5850.3  0.640932  5
5854.6  0.64131  5
5858.9  0.641687  5
5863.1  0.641488  5
5867.4  0.642712  5
5871.7  0.643465  5
5875.9  0.64336  5
5880.2  0.644302  5
5884.5  0.645151  5
5888.7  0.645895  5
5893  0.645894  5
5897.3  0.646933  5
5901.5  0.647772  5
5905.8  0.648244  5
5910.1  0.64938  5
5914.3  0.650316  5
5918.6  0.650978  5
5922.9  0.651641  5
5927.1  0.652579  5
5931.4  0.653147  5
5935.7  0.653906  5
5940  0.654666  5
5944.2  0.65551  5
5948.5  0.655412  5
5952.8  0.656268  5
5957  0.656922  5
5961.3  0.6573  5
5965.6  0.65787  5
5969.9  0.658632  5
5974.1  0.659383  5
5978.4  0.659857  5
5982.7  0.66062  5
5987  0.661767  5
5991.3  0.66205  5
5995.5  0.662899  5
5999.8  0.663855  5
6004.1  0.665101  5
6008.4  0.666542  5
6012.6  0.667007  5
6016.9  0.66845  5
6021.2  0.669217  5
6025.5  0.669985  5
6029.8  0.670366  5
6034  0.671027  5
6038.3  0.671215  5
6042.6  0.672662  5
6046.9  0.672364  5
6051.2  0.67294  5
6055.4  0.674087  5
6059.7  0.674079  5
6064  0.674947  5
6068.3  0.67562  5
6072.6  0.676781  5
6076.9  0.677552  5
6081.2  0.678422  5
6085.4  0.679867  5
6089.7  0.681031  5
6094  0.682489  5
6098.3  0.68346  5
6102.6  0.684431  5
6106.9  0.685501  5
6111.2  0.686278  5
6115.4  0.68724  5
6119.7  0.687625  5
6124  0.68801  5
6128.3  0.689083  5
6132.6  0.68937  5
6136.9  0.689951  5
6141.2  0.690533  5
6145.5  0.69082  5
6149.8  0.691796  5
6154.1  0.692576  5
6158.4  0.693159  5
6162.6  0.693928  5
6166.9  0.694907  5
6171.2  0.696084  5
6175.5  0.697263  5
6179.8  0.698839  5
6184.1  0.699325  5
6188.4  0.700308  5
6192.7  0.701092  5
6197  0.702076  5
6201.3  0.702265  5
6205.6  0.703648  5
6209.9  0.703637  5
6214.2  0.703427  5
6218.5  0.704412  5
6222.8  0.7046  5
6227.1  0.704687  5
6231.4  0.705274  5
6235.7  0.70556  5
6240  0.706847  5
6244.3  0.707435  5
6248.6  0.70702  5
6252.9  0.708108  5
6257.2  0.708294  5
6261.5  0.708781  5
6265.8  0.70977  5
6270.1  0.709352  5
6274.4  0.71004  5
6278.7  0.709922  5
6283  0.710811  5
6287.3  0.710894  5
6291.6  0.710775  5
6295.9  0.711564  5
6300.2  0.711545  5
6304.5  0.712232  5
6308.8  0.713022  5
6313.1  0.713508  5
6317.4  0.715007  5
6321.7  0.714885  5
6326.1  0.715484  5
6330.4  0.716275  5
6334.7  0.716965  5
6339  0.717248  5
6343.3  0.717938  5
6347.6  0.718425  5
6351.9  0.719014  5
6356.2  0.718175  5
6360.5  0.719171  5
6364.8  0.718943  5
6369.2  0.719337  5
6373.5  0.720232  5
6377.8  0.720104  5
6382.1  0.720794  5
6386.4  0.721075  5
6390.7  0.721868  5
6395  0.723072  5
6399.3  0.723353  5
6403.7  0.723645  5
6408  0.724645  5
6412.3  0.725851  5
6416.6  0.72644  5
6420.9  0.726824  5
6425.2  0.727208  5
6429.6  0.727809  5
6433.9  0.727677  5
6438.2  0.728473  5
6442.5  0.728339  5
6446.8  0.728722  5
6451.1  0.729312  5
6455.5  0.729602  5
6459.8  0.729984  5
6464.1  0.73047  5
6468.4  0.730749  5
6472.7  0.731027  5
6477.1  0.731939  5
6481.4  0.732945  5
6485.7  0.732911  5
6490  0.734022  5
6494.4  0.734936  5
6498.7  0.735631  5
6503  0.736013  5
6507.3  0.736083  5
6511.6  0.736882  5
6516  0.737171  5
6520.3  0.737239  5
6524.6  0.738353  5
6528.9  0.738002  5
6533.3  0.7385  5
6537.6  0.738566  5
6541.9  0.739472  5
6546.3  0.739234  5
6550.6  0.739404  5
6554.9  0.739785  5
6559.2  0.739533  5
6563.6  0.740345  5
6567.9  0.740093  5
6572.2  0.74005  5
6576.6  0.740229  5
6580.9  0.740397  5
6585.2  0.740458  5
6589.5  0.740519  5
6593.9  0.740484  5
6598.2  0.741496  5
6602.5  0.74145  5
6606.9  0.742262  5
6611.2  0.742109  5
6615.5  0.74291  5
6619.9  0.742342  5
6624.2  0.743356  5
6628.5  0.743732  5
6632.9  0.744013  5
6637.2  0.744708  5
6641.5  0.745084  5
6645.9  0.744938  5
6650.2  0.744993  5
6654.6  0.745593  5
6658.9  0.745113  5
6663.2  0.745808  5
6667.6  0.745659  5
6671.9  0.744963  5
6676.2  0.745015  5
6680.6  0.745506  5
6684.9  0.74502  5
6689.3  0.745833  5
6693.6  0.746097  5
6697.9  0.746039  5
6702.3  0.746207  5
6706.6  0.747439  5
6711  0.747391  5
6715.3  0.748301  5
6719.6  0.748888  5
6724  0.748947  5
6728.3  0.749641  5
6732.7  0.749808  5
6737  0.750611  5
6741.4  0.750236  5
6745.7  0.750931  5
6750  0.750652  5
6754.4  0.751033  5
6758.7  0.751402  5
6763.1  0.751783  5
6767.4  0.751718  5
6771.8  0.752207  5
6776.1  0.753119  5
6780.5  0.753065  5
6784.8  0.753542  5
6789.2  0.75414  5
6793.5  0.755162  5
6797.9  0.754779  5
6802.2  0.755475  5
6806.6  0.755854  5
6810.9  0.755895  5
6815.3  0.755727  5
6819.6  0.755985  5
6824  0.752861  5
6828.3  0.749283  5
6832.7  0.745929  5
6837  0.743547  5
6841.4  0.740075  5
6845.7  0.736917  5
6850.1  0.733435  5
6854.4  0.730267  5
6858.8  0.726885  5
6863.1  0.723818  5
6867.5  0.720427  5
6871.8  0.717461  5
6876.2  0.713508  5
6880.6  0.710764  5
6884.9  0.711982  5
6889.3  0.713873  5
6893.6  0.714429  5
6898  0.714553  5
6902.3  0.713559  5
6906.7  0.712242  5
6911.1  0.708816  5
6915.4  0.703821  5
6919.8  0.697498  5
6924.1  0.689269  5
6928.5  0.678704  5
6932.9  0.665791  5
6937.2  0.651181  5
6941.6  0.634002  5
6945.9  0.614451  5
6950.3  0.593212  5
6954.7  0.569269  5
6959  0.545398  5
6963.4  0.519271  5
6967.7  0.49288  5
6972.1  0.465792  5
6976.5  0.438333  5
6980.8  0.410386  5
6985.2  0.381849  5
6989.6  0.354173  5
6993.9  0.326233  5
6998.3  0.29916  5
7002.7  0.272502  5
7007  0.246369  5
7011.4  0.220769  5
7015.8  0.196825  5
7020.1  0.173862  5
7024.5  0.152337  5
7028.9  0.132927  5
7033.2  0.115297  5
7037.6  0.0997907  5
7042  0.0866373  5
7046.3  0.0753877  5
7050.7  0.0659347  5
7055.1  0.0581674  5
7059.4  0.0517485  5
7063.8  0.0460021  5
7068.2  0.0414957  5
7072.6  0.0376644  5
7076.9  0.0342818  5
7081.3  0.0316906  5
7085.7  0.0294372  5
7090  0.0271805  5
7094.4  0.0256042  5
7098.8  0.0239121  5
7103.2  0.0224457  5
7107.5  0.0212052  5
7111.9  0.0200776  5
7116.3  0.0189485  5
7120.7  0.0179323  5
7125  0.0170288  5
7129.4  0.0164675  5
7133.8  0.0153334  5
7138.2  0.0145414  5
7142.5  0.0138627  5
7146.9  0.0129542  5
7151.3  0.0122739  5
7155.7  0.0115928  5
7160.1  0.0110256  5
7164.4  0.0103427  5
7168.8  0.00965916  5
7173.2  0.00943496  5
7177.6  0.00886509  5
7182  0.00864013  5
7186.3  0.00841476  5
7196.3  0  5
# 480 ./HSC.i 0 6
6874.9  0  6
6884.9  0.00578012  6
6889.3  0.00622872  6
6893.6  0.00694491  6
6898  0.00792937  6
6902.3  0.00909326  6
6906.7  0.0107048  6
6911.1  0.0130324  6
6915.4  0.0158987  6
6919.8  0.0200201  6
6924.1  0.0255773  6
6928.5  0.0323947  6
6932.9  0.0413697  6
6937.2  0.0519682  6
6941.6  0.0650911  6
6945.9  0.0807415  6
6950.3  0.0984772  6
6954.7  0.119739  6
6959  0.144081  6
6963.4  0.171153  6
6967.7  0.201137  6
6972.1  0.234043  6
6976.5  0.268792  6
6980.8  0.304663  6
6985.2  0.33995  6
6989.6  0.373116  6
6993.9  0.403336  6
6998.3  0.430525  6
7002.7  0.452051  6
7007  0.469886  6
7011.4  0.484127  6
7015.8  0.495395  6
7020.1  0.504313  6
7024.5  0.51225  6
7028.9  0.519107  6
7033.2  0.52542  6
7037.6  0.530839  6
7042  0.53581  6
7046.3  0.540414  6
7050.7  0.544759  6
7055.1  0.548926  6
7059.4  0.552087  6
7063.8  0.555259  6
7068.2  0.55807  6
7072.6  0.560427  6
7076.9  0.561956  6
7081.3  0.562946  6
7085.7  0.564211  6
7090  0.565377  6
7094.4  0.565637  6
7098.8  0.565988  6
7103.2  0.566155  6
7107.5  0.566222  6
7111.9  0.56593  6
7116.3  0.565728  6
7120.7  0.56571  6
7125  0.565316  6
7129.4  0.564468  6
7133.8  0.563342  6
7138.2  0.562952  6
7142.5  0.559693  6
7146.9  0.554869  6
7151.3  0.55013  6
7155.7  0.546125  6
7160.1  0.541189  6
7164.4  0.537072  6
7168.8  0.532773  6
7173.2  0.528838  6
7177.6  0.524805  6
7182  0.523272  6
7186.3  0.525348  6
7190.7  0.527713  6
7195.1  0.529523  6
7199.5  0.5318  6
7203.9  0.533986  6
7208.2  0.535515  6
7212.6  0.537984  6
7217  0.540177  6
7221.4  0.541532  6
7225.8  0.543168  6
7230.2  0.543779  6
7234.5  0.545224  6
7238.9  0.54621  6
7243.3  0.547571  6
7247.7  0.54884  6
7252.1  0.550297  6
7256.5  0.551568  6
7260.8  0.552739  6
7265.2  0.554106  6
7269.6  0.555005  6
7274  0.556187  6
7278.4  0.557275  6
7282.8  0.558553  6
7287.2  0.55889  6
7291.6  0.559887  6
7296  0.560507  6
7300.3  0.561309  6
7304.7  0.563251  6
7309.1  0.565668  6
7313.5  0.567897  6
7317.9  0.570318  6
7322.3  0.572175  6
7326.7  0.574032  6
7331.1  0.576082  6
7335.5  0.578133  6
7339.9  0.580091  6
7344.2  0.580336  6
7348.6  0.580209  6
7353  0.580462  6
7357.4  0.580334  6
7361.8  0.580301  6
7366.2  0.579981  6
7370.6  0.579757  6
7375  0.580293  6
7379.4  0.579782  6
7383.8  0.580127  6
7388.2  0.58095  6
7392.6  0.580246  6
7397  0.580782  6
7401.4  0.58151  6
7405.8  0.581665  6
7410.2  0.581627  6
7414.6  0.582068  6
7419  0.581743  6
7423.4  0.582376  6
7427.8  0.581858  6
7432.2  0.581626  6
7436.6  0.581875  6
7441  0.581065  6
7445.4  0.581313  6
7449.8  0.581175  6
7454.2  0.581133  6
7458.6  0.580899  6
7463  0.580566  6
7467.4  0.580619  6
7471.8  0.581155  6
7476.2  0.580628  6
7480.6  0.580583  6
7485  0.581214  6
7489.4  0.581072  6
7493.8  0.581414  6
7498.2  0.581949  6
7502.6  0.582  6
7507  0.582535  6
7511.4  0.582391  6
7515.8  0.58283  6
7520.2  0.583559  6
7524.6  0.583998  6
7529  0.584145  6
7533.4  0.584778  6
7537.9  0.584543  6
7542.3  0.584885  6
7546.7  0.585616  6
7551.1  0.58586  6
7555.5  0.586494  6
7559.9  0.586933  6
7564.3  0.58747  6
7568.7  0.5883  6
7573.1  0.583849  6
7577.5  0.578904  6
7581.9  0.567684  6
7586.4  0.547738  6
7590.8  0.52031  6
7595.2  0.45773  6
7599.6  0.3939  6
7604  0.364467  6
7608.4  0.337949  6
7612.8  0.356335  6
7617.2  0.399731  6
7621.7  0.42192  6
7626.1  0.408964  6
7630.5  0.397965  6
7634.9  0.403322  6
7639.3  0.408784  6
7643.7  0.427185  6
7648.1  0.44778  6
7652.6  0.470678  6
7657  0.492805  6
7661.4  0.51278  6
7665.8  0.528025  6
7670.2  0.542495  6
7674.6  0.563127  6
7679.1  0.583889  6
7683.5  0.587697  6
7687.9  0.587834  6
7692.3  0.586879  6
7696.7  0.586221  6
7701.1  0.586158  6
7705.6  0.585406  6
7710  0.585641  6
7714.4  0.584879  6
7718.8  0.584714  6
7723.2  0.584548  6
7727.7  0.58429  6
7732.1  0.584623  6
7736.5  0.584756  6
7740.9  0.584588  6
7745.4  0.585228  6
7749.8  0.58486  6
7754.2  0.585693  6
7758.6  0.585624  6
7763  0.585656  6
7767.5  0.586397  6
7771.9  0.586528  6
7776.3  0.586458  6
7780.7  0.586087  6
7785.2  0.586627  6
7789.6  0.586556  6
7794  0.587088  6
7798.4  0.587017  6
7802.9  0.587255  6
7807.3  0.587586  6
7811.7  0.587615  6
7816.1  0.587845  6
7820.6  0.588183  6
7825  0.588312  6
7829.4  0.588137  6
7833.9  0.589082  6
7838.3  0.589312  6
7842.7  0.590048  6
7847.1  0.589872  6
7851.6  0.589703  6
7856  0.590135  6
7860.4  0.590263  6
7864.9  0.590499  6
7869.3  0.590016  6
7873.7  0.590041  6
7878.2  0.589462  6
7882.6  0.589995  6
7887  0.589408  6
7891.5  0.589642  6
7895.9  0.589155  6
7900.3  0.589279  6
7904.8  0.589411  6
7909.2  0.588819  6
7913.6  0.588738  6
7918.1  0.588766  6
7922.5  0.588377  6
7926.9  0.588499  6
7931.4  0.588423  6
7935.8  0.588852  6
7940.2  0.588358  6
7944.7  0.588487  6
7949.1  0.588299  6
7953.5  0.588008  6
7958  0.588547  6
7962.4  0.588358  6
7966.8  0.588271  6
7971.3  0.588192  6
7975.7  0.588001  6
7980.2  0.588436  6
7984.6  0.588245  6
7989  0.58826  6
7993.5  0.588798  6
7997.9  0.588605  6
8002.4  0.588316  6
8006.8  0.588743  6
8011.2  0.588756  6
8015.7  0.587948  6
8020.1  0.588478  6
8024.6  0.588394  6
8029  0.58799  6
8033.4  0.588105  6
8037.9  0.587708  6
8042.3  0.586887  6
8046.8  0.587007  6
8051.2  0.586808  6
8055.7  0.585784  6
8060.1  0.585479  6
8064.5  0.585382  6
8069  0.585083  6
8073.4  0.584464  6
8077.9  0.584372  6
8082.3  0.58396  6
8086.8  0.583554  6
8091.2  0.583662  6
8095.7  0.583778  6
8100.1  0.583049  6
8104.6  0.580965  6
8109  0.578767  6
8113.4  0.575623  6
8117.9  0.573845  6
8122.3  0.571429  6
8126.8  0.568701  6
8131.2  0.566489  6
8135.7  0.564175  6
8140.1  0.562167  6
8144.6  0.562794  6
8149  0.562466  6
8153.5  0.562671  6
8157.9  0.56287  6
8162.4  0.562653  6
8166.8  0.563062  6
8171.3  0.562633  6
8175.7  0.563253  6
8180.2  0.563457  6
8184.6  0.563443  6
8189.1  0.563542  6
8193.5  0.563633  6
8198  0.563625  6
8202.5  0.563722  6
8206.9  0.563707  6
8211.4  0.562849  6
8215.8  0.562832  6
8220.3  0.562185  6
8224.7  0.561742  6
8229.2  0.560562  6
8233.6  0.56033  6
8238.1  0.559359  6
8242.5  0.559232  6
8247  0.55794  6
8251.4  0.557065  6
8255.9  0.556302  6
8260.4  0.556392  6
8264.8  0.555621  6
8269.3  0.555283  6
8273.7  0.554723  6
8278.2  0.554063  6
8282.6  0.554785  6
8287.1  0.554016  6
8291.6  0.55421  6
8296  0.554183  6
8300.5  0.554054  6
8304.9  0.557137  6
8309.4  0.558297  6
8313.9  0.560747  6
8318.3  0.562763  6
8322.8  0.56425  6
8327.2  0.566377  6
8331.7  0.568082  6
8336.2  0.569896  6
8340.6  0.570843  6
8345.1  0.573091  6
8349.5  0.57458  6
8354  0.57435  6
8358.5  0.573256  6
8362.9  0.572369  6
8367.4  0.571813  6
8371.9  0.571904  6
8376.3  0.570149  6
8380.8  0.56894  6
8385.3  0.568054  6
8389.7  0.567485  6
8394.2  0.56638  6
8398.6  0.564725  6
8403.1  0.56405  6
8407.6  0.562724  6
8412  0.561606  6
8416.5  0.56071  6
8421  0.559705  6
8425.4  0.558039  6
8429.9  0.557139  6
8434.4  0.555149  6
8438.8  0.553694  6
8443.3  0.551918  6
8447.8  0.54992  6
8452.2  0.547914  6
8456.7  0.545694  6
8461.2  0.542815  6
8465.7  0.539167  6
8470.1  0.534962  6
8474.6  0.53054  6
8479.1  0.524689  6
8483.5  0.517181  6
8488  0.508137  6
8492.5  0.497876  6
8496.9  0.485952  6
8501.4  0.472265  6
8505.9  0.457244  6
8510.4  0.440448  6
8514.8  0.4211  6
8519.3  0.400306  6
8523.8  0.37916  6
8528.2  0.356224  6
8532.7  0.332056  6
8537.2  0.307532  6
8541.7  0.281878  6
8546.1  0.256083  6
8550.6  0.230817  6
8555.1  0.205083  6
8559.6  0.180868  6
8564  0.157733  6
8568.5  0.136567  6
8573  0.117372  6
8577.5  0.100926  6
8581.9  0.0870119  6
8586.4  0.0748584  6
8590.9  0.0653551  6
8595.4  0.057063  6
8599.8  0.0500946  6
8604.3  0.044453  6
8608.8  0.0403622  6
8613.3  0.0364896  6
8617.8  0.0339486  6
8622.2  0.0308478  6
8626.7  0.0295268  6
8631.2  0.0274241  6
8635.7  0.026323  6
8640.1  0.0249973  6
8644.6  0.0240054  6
8649.1  0.0225657  6
8653.6  0.0219068  6
8658.1  0.0210236  6
8662.5  0.0199154  6
8667  0.019478  6
8671.5  0.0184801  6
8676  0.0183776  6
8680.5  0.0174902  6
8684.9  0.0173869  6
8689.4  0.016947  6
8693.9  0.0159452  6
8698.4  0.0159534  6
8702.9  0.0153996  6
8707.4  0.0154076  6
8711.8  0.0149653  6
8716.3  0.014973  6
8720.8  0.0148681  6
8725.3  0.0147631  6
8729.8  0.0144324  6
8734.3  0.0136502  6
8738.7  0.0139957  6
8743.2  0.0141158  6
8747.7  0.0134452  6
8752.2  0.013339  6
8756.7  0.0133459  6
8761.2  0.0129001  6
8765.7  0.01302  6
8770.1  0.0128  6
8774.6  0.0125799  6
8779.1  0.0124729  6
8783.6  0.0117986  6
8788.1  0.0119182  6
8792.6  0.0120378  6
8797.1  0.0123849  6
8801.6  0.0121638  6
8806  0.0121699  6
8810.5  0.0116072  6
8815  0.011727  6
8819.5  0.0111634  6
8824  0.011625  6
8828.5  0.0112888  6
8833  0.0107241  6
8837.5  0.0115286  6
8842  0.0108493  6
8846.4  0.0110832  6
8850.9  0.0107459  6
8855.4  0.0106369  6
8859.9  0.0107568  6
8864.4  0.0107622  6
8868.9  0.0107677  6
8873.4  0.0107732  6
8877.9  0.0100906  6
8882.4  0.0111283  6
8886.9  0.01056  6
8891.4  0.0105653  6
8895.8  0.0109153  6
8900.3  0.010346  6
8904.8  0.0101212  6
8909.3  0.0100113  6
8913.8  0.0102466  6
8918.3  0.00979099  6
8922.8  0.0092197  6
8927.3  0.00933965  6
8931.8  0.00980581  6
8936.3  0.00934907  6
8940.8  0.00946926  6
8945.3  0.00924295  6
8949.8  0.00890081  6
8954.3  0.00867398  6
8958.8  0.00879405  6
8963.3  0.0086827  6
8967.8  0.00891871  6
8972.3  0.0088073  6
8976.8  0.00846389  6
8981.3  0.00812013  6
8985.7  0.00812411  6
8990.2  0.00847653  6
8994.7  0.00836459  6
8999.2  0.00813631  6
9009.2  0  6
# 63 ./HSC.z 0 7
8270  0  7
8280  0.00566784  7
8300  0.00316675  7
8320  0.00373457  7
8340  0.00421149  7
8360  0.00525353  7
8380  0.00836934  7
8400  0.019795  7
8420  0.031464  7
8440  0.0515227  7
8460  0.0782267  7
8480  0.1219  7
8500  0.180371  7
8520  0.243419  7
8540  0.32152  7
8560  0.387784  7
8580  0.447614  7
8600  0.496718  7
8620  0.529214  7
8640  0.552354  7
8660  0.564516  7
8680  0.571956  7
8700  0.574836  7
8720  0.577038  7
8740  0.578852  7
8760  0.580177  7
8780  0.58229  7
8800  0.582727  7
8820  0.58227  7
8840  0.581706  7
8860  0.584215  7
8880  0.585334  7
8900  0.584555  7
8920  0.585068  7
8940  0.578856  7
8960  0.565773  7
8980  0.546579  7
9000  0.538808  7
9020  0.548204  7
9040  0.564433  7
9060  0.555719  7
9080  0.537586  7
9100  0.546122  7
9120  0.554282  7
9140  0.547292  7
9160  0.547462  7
9180  0.538562  7
9200  0.547065  7
9220  0.531286  7
9240  0.50662  7
9260  0.466256  7
9280  0.404989  7
9300  0.323938  7
9320  0.225801  7
9340  0.161513  7
9360  0.116379  7
9380  0.0806285  7
9400  0.0601257  7
9420  0.0348837  7
9440  0.0186441  7
9460  0.0117834  7
9480  0.00787222  7
9490  0  7
# 90 ./HSC.Y 0 8
8990  0  8
9000  0.00690229  8
9020  0.00304376  8
9040  0.000277319  8
9060  0.00287197  8
9080  0.00139273  8
9100  0.00465265  8
9120  0.0037303  8
9140  0.00710312  8
9160  0.010959  8
9180  0.0132358  8
9200  0.024836  8
9220  0.0351665  8
9240  0.0511162  8
9260  0.0814327  8
9280  0.113018  8
9300  0.142172  8
9320  0.163635  8
9340  0.190155  8
9360  0.232197  8
9380  0.281994  8
9400  0.371507  8
9420  0.381352  8
9440  0.362662  8
9460  0.388678  8
9480  0.400357  8
9500  0.392848  8
9520  0.396984  8
9540  0.394892  8
9560  0.392103  8
9580  0.394392  8
9600  0.398946  8
9620  0.408532  8
9640  0.415  8
9660  0.409737  8
9680  0.417811  8
9700  0.41917  8
9720  0.410394  8
9740  0.396199  8
9760  0.389427  8
9780  0.390225  8
9800  0.383307  8
9820  0.382985  8
9840  0.377225  8
9860  0.36932  8
9880  0.360674  8
9900  0.352394  8
9920  0.342455  8
9940  0.33227  8
9960  0.322652  8
9980  0.311768  8
10000  0.302269  8
10020  0.288632  8
10040  0.27504  8
10060  0.2617  8
10080  0.248512  8
10100  0.236508  8
10120  0.224455  8
10140  0.211108  8
10160  0.197499  8
10180  0.183523  8
10200  0.169802  8
10220  0.160521  8
10240  0.150573  8
10260  0.141215  8
10280  0.131504  8
10300  0.121544  8
10320  0.111649  8
10340  0.101609  8
10360  0.0917417  8
10380  0.0818354  8
10400  0.0721028  8
10420  0.0689384  8
10440  0.0655478  8
10460  0.0621437  8
10480  0.0589404  8
10500  0.0554024  8
10520  0.0520656  8
10540  0.0486079  8
10560  0.0449207  8
10580  0.0412192  8
10600  0.0371783  8
10620  0.032796  8
10640  0.0281793  8
10660  0.0232181  8
10680  0.0183472  8
10700  0.0136768  8
10720  0.00964643  8
10740  0.00625992  8
10750  0  8
# 155 ./VISTA.Y 0 9
9440  0  9
9450  0.00748084  9
9460  0.00951101  9
9470  0.00892656  9
9480  0.0104961  9
9490  0.0109143  9
9500  0.0114776  9
9510  0.0133411  9
9520  0.0173849  9
9530  0.0173762  9
9540  0.0195198  9
9550  0.0219103  9
9560  0.0244542  9
9570  0.0276821  9
9580  0.0346989  9
9590  0.0381739  9
9600  0.0444747  9
9610  0.0520628  9
9620  0.0585919  9
9630  0.0693464  9
9640  0.0797057  9
9650  0.092677  9
9660  0.108514  9
9670  0.125679  9
9680  0.148322  9
9690  0.17523  9
9700  0.202242  9
9710  0.231342  9
9720  0.264047  9
9730  0.299677  9
9740  0.332247  9
9750  0.370188  9
9760  0.406918  9
9770  0.447077  9
9780  0.478505  9
9790  0.504875  9
9800  0.528535  9
9810  0.554245  9
9820  0.57033  9
9830  0.581782  9
9840  0.590105  9
9850  0.593437  9
9860  0.597049  9
9870  0.596773  9
9880  0.595563  9
9890  0.596129  9
9900  0.595143  9
9910  0.595047  9
9920  0.596393  9
9930  0.598019  9
9940  0.600477  9
9950  0.602513  9
9960  0.605246  9
9970  0.610122  9
9980  0.614506  9
9990  0.618038  9
10000  0.622399  9
10010  0.62908  9
10020  0.634718  9
10030  0.641153  9
10040  0.647164  9
10050  0.653265  9
10060  0.660396  9
10070  0.665393  9
10080  0.67006  9
10090  0.674243  9
10100  0.677641  9
10110  0.680903  9
10120  0.682756  9
10130  0.684728  9
10140  0.686141  9
10150  0.687409  9
10160  0.689559  9
10170  0.691304  9
10180  0.69202  9
10190  0.690488  9
10200  0.690147  9
10210  0.688892  9
10220  0.687327  9
10230  0.684674  9
10240  0.682633  9
10250  0.680162  9
10260  0.676961  9
10270  0.674294  9
10280  0.672131  9
10290  0.669442  9
10300  0.668802  9
10310  0.668231  9
10320  0.667186  9
10330  0.666456  9
10340  0.665242  9
10350  0.664639  9
10360  0.66543  9
10370  0.666644  9
10380  0.66836  9
10390  0.670307  9
10400  0.675257  9
10410  0.680438  9
10420  0.685876  9
10430  0.692303  9
10440  0.699406  9
10450  0.707588  9
10460  0.715819  9
10470  0.723454  9
10480  0.730533  9
10490  0.734883  9
10500  0.738028  9
10510  0.740743  9
10520  0.738457  9
10530  0.732383  9
10540  0.725615  9
10550  0.713219  9
10560  0.695273  9
10570  0.676245  9
10580  0.654551  9
10590  0.626684  9
10600  0.596878  9
10610  0.565731  9
10620  0.530896  9
10630  0.497247  9
10640  0.464058  9
10650  0.43067  9
10660  0.396608  9
10670  0.363655  9
10680  0.335654  9
10690  0.306628  9
10700  0.276578  9
10710  0.250507  9
10720  0.225109  9
10730  0.202726  9
10740  0.181952  9
10750  0.161285  9
10760  0.142297  9
10770  0.123726  9
10780  0.108348  9
10790  0.0946998  9
10800  0.0811594  9
10810  0.0702244  9
10820  0.0609272  9
10830  0.0517605  9
10840  0.0440115  9
10850  0.038455  9
10860  0.0330824  9
10870  0.0281679  9
10880  0.0244737  9
10890  0.0209481  9
10900  0.0184151  9
10910  0.0161829  9
10920  0.0137656  9
10930  0.0126995  9
10940  0.0119184  9
10950  0.00991421  9
10960  0.00818677  9
10970  0.00799702  9
10980  0  9
# 226 ./VISTA.J 0 10
11420  0  10
11430  0.00723141  10
11440  0.00785008  10
11450  0.00860719  10
11460  0.00961831  10
11470  0.0105245  10
11480  0.0135502  10
11490  0.0156789  10
11500  0.0173809  10
11510  0.0223992  10
11520  0.0254432  10
11530  0.0303698  10
11540  0.0364011  10
11550  0.0447838  10
11560  0.0517574  10
11570  0.0656316  10
11580  0.0762161  10
11590  0.0949757  10
11600  0.114307  10
11610  0.143831  10
11620  0.172648  10
11630  0.214768  10
11640  0.254833  10
11650  0.304019  10
11660  0.352816  10
11670  0.409254  10
11680  0.46457  10
11690  0.510766  10
11700  0.556823  10
11710  0.583606  10
11720  0.612198  10
11730  0.621215  10
11740  0.621587  10
11750  0.632172  10
11760  0.635811  10
11770  0.628684  10
11780  0.615044  10
11790  0.619462  10
11800  0.613152  10
11810  0.610254  10
11820  0.588207  10
11830  0.606638  10
11840  0.60156  10
11850  0.598554  10
11860  0.608092  10
11870  0.607341  10
11880  0.598671  10
11890  0.613078  10
11900  0.621331  10
11910  0.625493  10
11920  0.63234  10
11930  0.637174  10
11940  0.6433  10
11950  0.649742  10
11960  0.655863  10
11970  0.662599  10
11980  0.666555  10
11990  0.666744  10
12000  0.679287  10
12010  0.68337  10
12020  0.687378  10
12030  0.691697  10
12040  0.680176  10
12050  0.695376  10
12060  0.706663  10
12070  0.705633  10
12080  0.708804  10
12090  0.711542  10
12100  0.716641  10
12110  0.718483  10
12120  0.719484  10
12130  0.725027  10
12140  0.724914  10
12150  0.72533  10
12160  0.729591  10
12170  0.730304  10
12180  0.731089  10
12190  0.729471  10
12200  0.733649  10
12210  0.736741  10
12220  0.735636  10
12230  0.73808  10
12240  0.740496  10
12250  0.743591  10
12260  0.745624  10
12270  0.746053  10
12280  0.750231  10
12290  0.753137  10
12300  0.756057  10
12310  0.758796  10
12320  0.76082  10
12330  0.762741  10
12340  0.765996  10
12350  0.767977  10
12360  0.76994  10
12370  0.772219  10
12380  0.77486  10
12390  0.776448  10
12400  0.777995  10
12410  0.779088  10
12420  0.780421  10
12430  0.780953  10
12440  0.781419  10
12450  0.78167  10
12460  0.781929  10
12470  0.78095  10
12480  0.779735  10
12490  0.778953  10
12500  0.777801  10
12510  0.774504  10
12520  0.772822  10
12530  0.76839  10
12540  0.76298  10
12550  0.76126  10
12560  0.753375  10
12570  0.749524  10
12580  0.74558  10
12590  0.734983  10
12600  0.734301  10
12610  0.718942  10
12620  0.712683  10
12630  0.701337  10
12640  0.689026  10
12650  0.68857  10
12660  0.677807  10
12670  0.689044  10
12680  0.65898  10
12690  0.576085  10
12700  0.674612  10
12710  0.691816  10
12720  0.689862  10
12730  0.689647  10
12740  0.690466  10
12750  0.692832  10
12760  0.694322  10
12770  0.696591  10
12780  0.697021  10
12790  0.70026  10
12800  0.701369  10
12810  0.706918  10
12820  0.711843  10
12830  0.716814  10
12840  0.721682  10
12850  0.723625  10
12860  0.726554  10
12870  0.726661  10
12880  0.727875  10
12890  0.73158  10
12900  0.737741  10
12910  0.745588  10
12920  0.75279  10
12930  0.75884  10
12940  0.763448  10
12950  0.763351  10
12960  0.762856  10
12970  0.768169  10
12980  0.77594  10
12990  0.785353  10
13000  0.790926  10
13010  0.792701  10
13020  0.798428  10
13030  0.794578  10
13040  0.789644  10
13050  0.807724  10
13060  0.815733  10
13070  0.813643  10
13080  0.817925  10
13090  0.820887  10
13100  0.804454  10
13110  0.820505  10
13120  0.82686  10
13130  0.823001  10
13140  0.820298  10
13150  0.826727  10
13160  0.827134  10
13170  0.81548  10
13180  0.819419  10
13190  0.814661  10
13200  0.805164  10
13210  0.813072  10
13220  0.808164  10
13230  0.782714  10
13240  0.775151  10
13250  0.779833  10
13260  0.771211  10
13270  0.747796  10
13280  0.720424  10
13290  0.679119  10
13300  0.674363  10
13310  0.631966  10
13320  0.598267  10
13330  0.588761  10
13340  0.550324  10
13350  0.532034  10
13360  0.477177  10
13370  0.45804  10
13380  0.424576  10
13390  0.39851  10
13400  0.352081  10
13410  0.327356  10
13420  0.305917  10
13430  0.277576  10
13440  0.22323  10
13450  0.210046  10
13460  0.183929  10
13470  0.163488  10
13480  0.110179  10
13490  0.115502  10
13500  0.096249  10
13510  0.084454  10
13520  0.0702567  10
13530  0.0525107  10
13540  0.0450244  10
13550  0.0264053  10
13560  0.0313405  10
13570  0.0280243  10
13580  0.0215945  10
13590  0.0191162  10
13600  0.0153021  10
13610  0.007835  10
13620  0.00312682  10
13630  0.0118172  10
13640  0.0107781  10
13650  0.00404985  10
13660  0.0104633  10
13670  0  10
# 373 ./VISTA.H 0 11
14630  0  11
14640  0.00841181  11
14650  0.00860241  11
14660  0.00976721  11
14670  0.00971045  11
14680  0.0123833  11
14690  0.0130841  11
14700  0.0132433  11
14710  0.0132095  11
14720  0.0158452  11
14730  0.0182172  11
14740  0.0222603  11
14750  0.0258645  11
14760  0.0253074  11
14770  0.0284673  11
14780  0.0300749  11
14790  0.037879  11
14800  0.0381881  11
14810  0.0444298  11
14820  0.0487454  11
14830  0.0624205  11
14840  0.0680399  11
14850  0.0771488  11
14860  0.0844047  11
14870  0.092125  11
14880  0.107635  11
14890  0.126882  11
14900  0.14114  11
14910  0.159273  11
14920  0.178117  11
14930  0.203926  11
14940  0.22951  11
14950  0.249501  11
14960  0.276287  11
14970  0.31197  11
14980  0.34543  11
14990  0.381754  11
15000  0.417029  11
15010  0.457881  11
15020  0.486617  11
15030  0.516528  11
15040  0.542318  11
15050  0.584878  11
15060  0.623525  11
15070  0.655408  11
15080  0.673604  11
15090  0.680089  11
15100  0.721145  11
15110  0.736055  11
15120  0.744382  11
15130  0.754256  11
15140  0.760909  11
15150  0.763631  11
15160  0.76652  11
15170  0.767476  11
15180  0.763339  11
15190  0.760173  11
15200  0.763556  11
15210  0.755397  11
15220  0.749951  11
15230  0.750824  11
15240  0.74204  11
15250  0.735205  11
15260  0.736456  11
15270  0.728649  11
15280  0.725327  11
15290  0.727235  11
15300  0.721184  11
15310  0.718396  11
15320  0.723619  11
15330  0.718263  11
15340  0.71599  11
15350  0.720814  11
15360  0.718373  11
15370  0.722617  11
15380  0.730167  11
15390  0.725788  11
15400  0.731385  11
15410  0.737573  11
15420  0.73706  11
15430  0.746556  11
15440  0.751339  11
15450  0.752143  11
15460  0.762374  11
15470  0.764922  11
15480  0.766495  11
15490  0.777211  11
15500  0.77776  11
15510  0.78033  11
15520  0.789643  11
15530  0.788428  11
15540  0.793126  11
15550  0.80043  11
15560  0.79763  11
15570  0.803026  11
15580  0.808158  11
15590  0.803165  11
15600  0.810735  11
15610  0.81324  11
15620  0.808273  11
15630  0.815038  11
15640  0.812958  11
15650  0.811973  11
15660  0.81798  11
15670  0.812812  11
15680  0.811935  11
15690  0.80977  11
15700  0.792695  11
15710  0.783636  11
15720  0.775593  11
15730  0.773667  11
15740  0.790068  11
15750  0.804349  11
15760  0.801067  11
15770  0.793413  11
15780  0.786214  11
15790  0.792191  11
15800  0.796576  11
15810  0.8013  11
15820  0.811805  11
15830  0.811232  11
15840  0.817286  11
15850  0.819954  11
15860  0.818016  11
15870  0.823515  11
15880  0.819848  11
15890  0.821727  11
15900  0.823503  11
15910  0.81896  11
15920  0.826057  11
15930  0.823527  11
15940  0.821405  11
15950  0.825534  11
15960  0.820199  11
15970  0.823393  11
15980  0.821193  11
15990  0.813424  11
16000  0.80776  11
16010  0.790261  11
16020  0.783058  11
16030  0.782994  11
16040  0.788155  11
16050  0.809154  11
16060  0.810353  11
16070  0.799762  11
16080  0.794995  11
16090  0.790555  11
16100  0.797477  11
16110  0.799269  11
16120  0.807286  11
16130  0.812605  11
16140  0.814152  11
16150  0.820008  11
16160  0.816797  11
16170  0.821716  11
16180  0.821893  11
16190  0.820234  11
16200  0.824532  11
16210  0.821105  11
16220  0.825446  11
16230  0.823451  11
16240  0.825547  11
16250  0.826516  11
16260  0.824718  11
16270  0.830237  11
16280  0.825622  11
16290  0.830841  11
16300  0.829282  11
16310  0.828687  11
16320  0.832811  11
16330  0.828363  11
16340  0.835847  11
16350  0.830017  11
16360  0.833728  11
16370  0.834771  11
16380  0.828734  11
16390  0.839126  11
16400  0.826518  11
16410  0.837673  11
16420  0.837224  11
16430  0.823562  11
16440  0.84108  11
16450  0.832836  11
16460  0.837622  11
16470  0.842219  11
16480  0.834462  11
16490  0.841703  11
16500  0.843665  11
16510  0.835379  11
16520  0.847226  11
16530  0.852899  11
16540  0.840764  11
16550  0.855853  11
16560  0.852236  11
16570  0.854304  11
16580  0.861224  11
16590  0.857385  11
16600  0.865334  11
16610  0.861671  11
16620  0.866497  11
16630  0.862989  11
16640  0.869926  11
16650  0.851808  11
16660  0.825707  11
16670  0.861061  11
16680  0.869354  11
16690  0.880025  11
16700  0.873245  11
16710  0.879719  11
16720  0.877411  11
16730  0.885734  11
16740  0.880139  11
16750  0.882199  11
16760  0.890806  11
16770  0.883495  11
16780  0.888514  11
16790  0.888312  11
16800  0.895734  11
16810  0.885766  11
16820  0.897334  11
16830  0.896319  11
16840  0.88571  11
16850  0.900112  11
16860  0.897145  11
16870  0.898903  11
16880  0.896789  11
16890  0.909297  11
16900  0.897585  11
16910  0.900876  11
16920  0.899749  11
16930  0.907043  11
16940  0.901149  11
16950  0.904283  11
16960  0.909144  11
16970  0.899663  11
16980  0.909078  11
16990  0.906013  11
17000  0.909758  11
17010  0.902555  11
17020  0.911305  11
17030  0.902032  11
17040  0.912258  11
17050  0.904388  11
17060  0.910098  11
17070  0.904488  11
17080  0.906511  11
17090  0.903809  11
17100  0.910945  11
17110  0.913888  11
17120  0.913901  11
17130  0.916728  11
17140  0.905804  11
17150  0.915957  11
17160  0.910093  11
17170  0.920222  11
17180  0.914887  11
17190  0.922208  11
17200  0.914871  11
17210  0.907955  11
17220  0.909488  11
17230  0.91359  11
17240  0.906804  11
17250  0.911809  11
17260  0.914831  11
17270  0.914974  11
17280  0.916451  11
17290  0.910668  11
17300  0.920043  11
17310  0.913997  11
17320  0.896759  11
17330  0.907899  11
17340  0.919498  11
17350  0.909848  11
17360  0.906925  11
17370  0.903692  11
17380  0.917577  11
17390  0.9106  11
17400  0.905231  11
17410  0.889649  11
17420  0.902997  11
17430  0.908051  11
17440  0.900688  11
17450  0.898195  11
17460  0.899778  11
17470  0.846199  11
17480  0.898235  11
17490  0.900754  11
17500  0.904466  11
17510  0.883222  11
17520  0.882096  11
17530  0.894228  11
17540  0.896314  11
17550  0.863513  11
17560  0.886098  11
17570  0.853918  11
17580  0.877815  11
17590  0.886871  11
17600  0.886053  11
17610  0.862231  11
17620  0.872465  11
17630  0.852824  11
17640  0.872476  11
17650  0.851486  11
17660  0.744928  11
17670  0.854778  11
17680  0.855376  11
17690  0.845389  11
17700  0.8306  11
17710  0.816604  11
17720  0.831179  11
17730  0.821113  11
17740  0.774849  11
17750  0.788843  11
17760  0.746513  11
17770  0.766636  11
17780  0.744619  11
17790  0.680881  11
17800  0.73209  11
17810  0.655948  11
17820  0.676266  11
17830  0.675215  11
17840  0.619251  11
17850  0.531429  11
17860  0.56555  11
17870  0.544913  11
17880  0.550378  11
17890  0.520633  11
17900  0.492419  11
17910  0.433924  11
17920  0.421614  11
17930  0.379538  11
17940  0.339726  11
17950  0.342951  11
17960  0.315579  11
17970  0.282277  11
17980  0.272417  11
17990  0.268589  11
18000  0.190366  11
18010  0.153341  11
18020  0.158811  11
18030  0.161219  11
18040  0.156306  11
18050  0.157431  11
18060  0.0941909  11
18070  0.102298  11
18080  0.110529  11
18090  0.101123  11
18100  0.0924232  11
18110  0.0573888  11
18120  0.063423  11
18130  0.0460941  11
18140  0.06998  11
18150  0.0511296  11
18160  0.0365716  11
18170  0.045391  11
18180  0.0442276  11
18190  0.0345515  11
18200  0.0217691  11
18210  0.0151489  11
18220  0.0151406  11
18230  0.0252967  11
18240  0.0319077  11
18250  0.0240514  11
18260  0.0127517  11
18270  0.015525  11
18280  0.0144712  11
18290  0.00860209  11
18300  0.00980948  11
18310  0.007041  11
18320  0.010511  11
18330  0.0089212  11
18340  0.010264  11
18350  0  11
# 430 ./VISTA.Ks 0 12
19380  0  12
19390  0.00795944  12
19400  0.00912901  12
19410  0.0100085  12
19420  0.0108257  12
19430  0.0119812  12
19440  0.0115696  12
19450  0.0114373  12
19460  0.0155447  12
19470  0.0156845  12
19480  0.0155298  12
19490  0.0169213  12
19500  0.0191964  12
19510  0.0201742  12
19520  0.0206209  12
19530  0.0187434  12
19540  0.0190372  12
19550  0.0190268  12
19560  0.0192279  12
19570  0.0212198  12
19580  0.0232824  12
19590  0.0251649  12
19600  0.0341916  12
19610  0.0395203  12
19620  0.0425355  12
19630  0.03957  12
19640  0.0427147  12
19650  0.0464861  12
19660  0.0513062  12
19670  0.0586431  12
19680  0.0622452  12
19690  0.0703441  12
19700  0.0770982  12
19710  0.0837732  12
19720  0.0890476  12
19730  0.104237  12
19740  0.109913  12
19750  0.123806  12
19760  0.135851  12
19770  0.151108  12
19780  0.163336  12
19790  0.174568  12
19800  0.159915  12
19810  0.196023  12
19820  0.217965  12
19830  0.22818  12
19840  0.251119  12
19850  0.256115  12
19860  0.279787  12
19870  0.273044  12
19880  0.314289  12
19890  0.341685  12
19900  0.33254  12
19910  0.371346  12
19920  0.398164  12
19930  0.41902  12
19940  0.432231  12
19950  0.447789  12
19960  0.45963  12
19970  0.447687  12
19980  0.409274  12
19990  0.392753  12
20000  0.35317  12
20010  0.321421  12
20020  0.29423  12
20030  0.266503  12
20040  0.27821  12
20050  0.271447  12
20060  0.290043  12
20070  0.353634  12
20080  0.406652  12
20090  0.509427  12
20100  0.421024  12
20110  0.381976  12
20120  0.382684  12
20130  0.383261  12
20140  0.402833  12
20150  0.416857  12
20160  0.430787  12
20170  0.452514  12
20180  0.465797  12
20190  0.502629  12
20200  0.543485  12
20210  0.558169  12
20220  0.598566  12
20230  0.622651  12
20240  0.640493  12
20250  0.674719  12
20260  0.683039  12
20270  0.706827  12
20280  0.711065  12
20290  0.71271  12
20300  0.738453  12
20310  0.730919  12
20320  0.733205  12
20330  0.73842  12
20340  0.728845  12
20350  0.740508  12
20360  0.737902  12
20370  0.729612  12
20380  0.743598  12
20390  0.730561  12
20400  0.72446  12
20410  0.730604  12
20420  0.719815  12
20430  0.734242  12
20440  0.730231  12
20450  0.731209  12
20460  0.746163  12
20470  0.717593  12
20480  0.697301  12
20490  0.673478  12
20500  0.635301  12
20510  0.623567  12
20520  0.595598  12
20530  0.579313  12
20540  0.570085  12
20550  0.560152  12
20560  0.566477  12
20570  0.579827  12
20580  0.599968  12
20590  0.648969  12
20600  0.716423  12
20610  0.687927  12
20620  0.651133  12
20630  0.622619  12
20640  0.616362  12
20650  0.624714  12
20660  0.619963  12
20670  0.637012  12
20680  0.65381  12
20690  0.658805  12
20700  0.681507  12
20710  0.693559  12
20720  0.703696  12
20730  0.727201  12
20740  0.729991  12
20750  0.741239  12
20760  0.761813  12
20770  0.762914  12
20780  0.777524  12
20790  0.795954  12
20800  0.79273  12
20810  0.802901  12
20820  0.793767  12
20830  0.787891  12
20840  0.797006  12
20850  0.786591  12
20860  0.796307  12
20870  0.807463  12
20880  0.799396  12
20890  0.807758  12
20900  0.810787  12
20910  0.806832  12
20920  0.819594  12
20930  0.818585  12
20940  0.809909  12
20950  0.829311  12
20960  0.826367  12
20970  0.823301  12
20980  0.831507  12
20990  0.81795  12
21000  0.825151  12
21010  0.832169  12
21020  0.820343  12
21030  0.834063  12
21040  0.838478  12
21050  0.828453  12
21060  0.836285  12
21070  0.835953  12
21080  0.828709  12
21090  0.841356  12
21100  0.836434  12
21110  0.82983  12
21120  0.836956  12
21130  0.835202  12
21140  0.836727  12
21150  0.844939  12
21160  0.835701  12
21170  0.839705  12
21180  0.842659  12
21190  0.828944  12
21200  0.838846  12
21210  0.846255  12
21220  0.839446  12
21230  0.847589  12
21240  0.844137  12
21250  0.837966  12
21260  0.85153  12
21270  0.847171  12
21280  0.837233  12
21290  0.854635  12
21300  0.847816  12
21310  0.845377  12
21320  0.855672  12
21330  0.849534  12
21340  0.848889  12
21350  0.859603  12
21360  0.849355  12
21370  0.850016  12
21380  0.858505  12
21390  0.851843  12
21400  0.853752  12
21410  0.858962  12
21420  0.849132  12
21430  0.850755  12
21440  0.859493  12
21450  0.85025  12
21460  0.852582  12
21470  0.861863  12
21480  0.851708  12
21490  0.85378  12
21500  0.858179  12
21510  0.84455  12
21520  0.847823  12
21530  0.854865  12
21540  0.849052  12
21550  0.853906  12
21560  0.857525  12
21570  0.851175  12
21580  0.861094  12
21590  0.859296  12
21600  0.851463  12
21610  0.852843  12
21620  0.857355  12
21630  0.845507  12
21640  0.856808  12
21650  0.863313  12
21660  0.8528  12
21670  0.855527  12
21680  0.860417  12
21690  0.851545  12
21700  0.865323  12
21710  0.866608  12
21720  0.857082  12
21730  0.858196  12
21740  0.864695  12
21750  0.85741  12
21760  0.867063  12
21770  0.870195  12
21780  0.856351  12
21790  0.861178  12
21800  0.872267  12
21810  0.866118  12
21820  0.873081  12
21830  0.865416  12
21840  0.85612  12
21850  0.860458  12
21860  0.876504  12
21870  0.868804  12
21880  0.874297  12
21890  0.882672  12
21900  0.868842  12
21910  0.876823  12
21920  0.88296  12
21930  0.875644  12
21940  0.879741  12
21950  0.874711  12
21960  0.877763  12
21970  0.881315  12
21980  0.876282  12
21990  0.861712  12
22000  0.826717  12
22010  0.864238  12
22020  0.864065  12
22030  0.87229  12
22040  0.882467  12
22050  0.864757  12
22060  0.882066  12
22070  0.890244  12
22080  0.887994  12
22090  0.887858  12
22100  0.893132  12
22110  0.884131  12
22120  0.885816  12
22130  0.897662  12
22140  0.890384  12
22150  0.885157  12
22160  0.879989  12
22170  0.88369  12
22180  0.885527  12
22190  0.88966  12
22200  0.893434  12
22210  0.875591  12
22220  0.875144  12
22230  0.892697  12
22240  0.887135  12
22250  0.885121  12
22260  0.886681  12
22270  0.870334  12
22280  0.880836  12
22290  0.891329  12
22300  0.889181  12
22310  0.877452  12
22320  0.867726  12
22330  0.875702  12
22340  0.875136  12
22350  0.883592  12
22360  0.877926  12
22370  0.872439  12
22380  0.87353  12
22390  0.88582  12
22400  0.872025  12
22410  0.870323  12
22420  0.880934  12
22430  0.87781  12
22440  0.864082  12
22450  0.88416  12
22460  0.868319  12
22470  0.853841  12
22480  0.882039  12
22490  0.881014  12
22500  0.871245  12
22510  0.877254  12
22520  0.882804  12
22530  0.874223  12
22540  0.85976  12
22550  0.8793  12
22560  0.865493  12
22570  0.856404  12
22580  0.880537  12
22590  0.884258  12
22600  0.877045  12
22610  0.857488  12
22620  0.847372  12
22630  0.882697  12
22640  0.874209  12
22650  0.870791  12
22660  0.897581  12
22670  0.895592  12
22680  0.866723  12
22690  0.857722  12
22700  0.881933  12
22710  0.888655  12
22720  0.874568  12
22730  0.880263  12
22740  0.891921  12
22750  0.854026  12
22760  0.820009  12
22770  0.853848  12
22780  0.872195  12
22790  0.873244  12
22800  0.859185  12
22810  0.823197  12
22820  0.836998  12
22830  0.772744  12
22840  0.784604  12
22850  0.788415  12
22860  0.786666  12
22870  0.774681  12
22880  0.756706  12
22890  0.726741  12
22900  0.66972  12
22910  0.693567  12
22920  0.664949  12
22930  0.64596  12
22940  0.617881  12
22950  0.582466  12
22960  0.557207  12
22970  0.558214  12
22980  0.517729  12
22990  0.484302  12
23000  0.461845  12
23010  0.446045  12
23020  0.432172  12
23030  0.406223  12
23040  0.372709  12
23050  0.357424  12
23060  0.342809  12
23070  0.32045  12
23080  0.302828  12
23090  0.290394  12
23100  0.274716  12
23110  0.261264  12
23120  0.240754  12
23130  0.228504  12
23140  0.21397  12
23150  0.198817  12
23160  0.175014  12
23170  0.142204  12
23180  0.141275  12
23190  0.142734  12
23200  0.136472  12
23210  0.12948  12
23220  0.120822  12
23230  0.114175  12
23240  0.108679  12
23250  0.101163  12
23260  0.0949002  12
23270  0.0912021  12
23280  0.0844352  12
23290  0.0774883  12
23300  0.0753041  12
23310  0.0690809  12
23320  0.0629865  12
23330  0.0610571  12
23340  0.0566337  12
23350  0.0520812  12
23360  0.0489489  12
23370  0.0471903  12
23380  0.0427185  12
23390  0.0396117  12
23400  0.0354277  12
23410  0.0348412  12
23420  0.0340663  12
23430  0.0327251  12
23440  0.0314382  12
23450  0.0293371  12
23460  0.0279586  12
23470  0.0262892  12
23480  0.0246676  12
23490  0.0242878  12
23500  0.022432  12
23510  0.0204282  12
23520  0.0194272  12
23530  0.0182767  12
23540  0.0180988  12
23550  0.0173446  12
23560  0.0145965  12
23570  0.0148857  12
23580  0.0139354  12
23590  0.0128291  12
23600  0.0140376  12
23610  0.013233  12
23620  0.0116271  12
23630  0.0111596  12
23640  0.010488  12
23650  0.0102087  12
23660  0.00965318  12
23670  0  12
# 614 ./Suprime.IB427 0 13
4099.5  0  13
4109.5  0.0096567  13
4110  0.0101343  13
4110.5  0.0105881  13
4111  0.0110668  13
4111.5  0.0116194  13
4112  0.0122869  13
4112.5  0.0129797  13
4113  0.0136487  13
4113.5  0.0144003  13
4114  0.0153734  13
4114.5  0.0162658  13
4115  0.0172658  13
4115.5  0.0181767  13
4116  0.0192935  13
4116.5  0.0202722  13
4117  0.0214079  13
4117.5  0.0226352  13
4118  0.0239296  13
4118.5  0.0253735  13
4119  0.0269012  13
4119.5  0.028406  13
4120  0.0299042  13
4120.5  0.031503  13
4121  0.0332684  13
4121.5  0.0351102  13
4122  0.0369209  13
4122.5  0.0388906  13
4123  0.0409038  13
4123.5  0.0432169  13
4124  0.0453093  13
4124.5  0.0476855  13
4125  0.0503127  13
4125.5  0.0530838  13
4126  0.0557999  13
4126.5  0.0585274  13
4127  0.061449  13
4127.5  0.0644568  13
4128  0.0676675  13
4128.5  0.0710895  13
4129  0.0745155  13
4129.5  0.0781783  13
4130  0.081837  13
4130.5  0.0857415  13
4131  0.0898754  13
4131.5  0.0938472  13
4132  0.0981569  13
4132.5  0.102806  13
4133  0.107294  13
4133.5  0.111953  13
4134  0.117036  13
4134.5  0.122208  13
4135  0.127638  13
4135.5  0.133324  13
4136  0.138934  13
4136.5  0.144381  13
4137  0.149836  13
4137.5  0.155632  13
4138  0.161602  13
4138.5  0.16758  13
4139  0.173816  13
4139.5  0.180565  13
4140  0.187237  13
4140.5  0.193916  13
4141  0.200688  13
4141.5  0.20772  13
4142  0.214591  13
4142.5  0.221807  13
4143  0.228863  13
4143.5  0.236266  13
4144  0.24376  13
4144.5  0.251772  13
4145  0.26013  13
4145.5  0.26816  13
4146  0.276536  13
4146.5  0.284839  13
4147  0.293235  13
4147.5  0.301471  13
4148  0.309885  13
4148.5  0.318564  13
4149  0.327084  13
4149.5  0.335868  13
4150  0.344576  13
4150.5  0.353805  13
4151  0.362704  13
4151.5  0.37204  13
4152  0.38113  13
4152.5  0.390315  13
4153  0.399168  13
4153.5  0.407861  13
4154  0.41759  13
4154.5  0.427329  13
4155  0.436481  13
4155.5  0.445728  13
4156  0.454985  13
4156.5  0.463995  13
4157  0.4731  13
4157.5  0.482388  13
4158  0.491342  13
4158.5  0.50022  13
4159  0.50885  13
4159.5  0.517403  13
4160  0.526654  13
4160.5  0.535054  13
4161  0.543722  13
4161.5  0.552917  13
4162  0.560741  13
4162.5  0.568832  13
4163  0.57745  13
4163.5  0.585559  13
4164  0.593764  13
4164.5  0.602151  13
4165  0.61046  13
4165.5  0.618432  13
4166  0.626239  13
4166.5  0.633881  13
4167  0.641879  13
4167.5  0.64919  13
4168  0.656248  13
4168.5  0.66314  13
4169  0.670648  13
4169.5  0.67712  13
4170  0.683861  13
4170.5  0.690259  13
4171  0.696141  13
4171.5  0.702118  13
4172  0.707925  13
4172.5  0.713913  13
4173  0.719296  13
4173.5  0.725036  13
4174  0.730605  13
4174.5  0.73583  13
4175  0.740536  13
4175.5  0.745421  13
4176  0.750312  13
4176.5  0.755208  13
4177  0.75923  13
4177.5  0.76317  13
4178  0.767729  13
4178.5  0.772645  13
4179  0.776773  13
4179.5  0.781346  13
4180  0.785484  13
4180.5  0.788833  13
4181  0.792538  13
4181.5  0.795541  13
4182  0.7989  13
4182.5  0.801733  13
4183  0.805894  13
4183.5  0.809088  13
4184  0.811488  13
4184.5  0.813801  13
4185  0.816559  13
4185.5  0.819942  13
4186  0.821376  13
4186.5  0.823078  13
4187  0.825225  13
4187.5  0.827019  13
4188  0.828726  13
4188.5  0.830701  13
4189  0.832055  13
4189.5  0.833232  13
4190  0.834855  13
4190.5  0.836481  13
4191  0.836952  13
4191.5  0.837783  13
4192  0.838347  13
4192.5  0.839629  13
4193  0.840196  13
4193.5  0.840587  13
4194  0.841692  13
4194.5  0.842171  13
4195  0.842559  13
4195.5  0.843484  13
4196  0.84369  13
4196.5  0.843533  13
4197  0.844362  13
4197.5  0.843929  13
4198  0.843491  13
4198.5  0.843228  13
4199  0.842957  13
4199.5  0.842232  13
4200  0.84258  13
4200.5  0.842471  13
4201  0.842807  13
4201.5  0.842505  13
4202  0.84292  13
4202.5  0.842516  13
4203  0.84238  13
4203.5  0.841335  13
4204  0.841281  13
4204.5  0.841315  13
4205  0.840893  13
4205.5  0.840922  13
4206  0.84104  13
4206.5  0.840614  13
4207  0.840458  13
4207.5  0.841211  13
4208  0.84142  13
4208.5  0.841357  13
4209  0.841115  13
4209.5  0.841148  13
4210  0.840545  13
4210.5  0.840673  13
4211  0.840709  13
4211.5  0.84111  13
4212  0.841601  13
4212.5  0.841546  13
4213  0.841674  13
4213.5  0.842622  13
4214  0.843115  13
4214.5  0.843881  13
4215  0.845106  13
4215.5  0.845142  13
4216  0.845544  13
4216.5  0.845672  13
4217  0.846624  13
4217.5  0.84721  13
4218  0.847796  13
4218.5  0.848566  13
4219  0.848877  13
4219.5  0.84928  13
4220  0.848949  13
4220.5  0.85027  13
4221  0.851408  13
4221.5  0.851261  13
4222  0.85194  13
4222.5  0.852803  13
4223  0.852838  13
4223.5  0.853611  13
4224  0.854291  13
4224.5  0.855525  13
4225  0.856206  13
4225.5  0.856888  13
4226  0.85794  13
4226.5  0.85853  13
4227  0.859398  13
4227.5  0.860821  13
4228  0.862247  13
4228.5  0.862191  13
4229  0.862969  13
4229.5  0.864397  13
4230  0.865176  13
4230.5  0.86642  13
4231  0.868129  13
4231.5  0.869561  13
4232  0.870994  13
4232.5  0.87215  13
4233  0.873121  13
4233.5  0.874743  13
4234  0.875901  13
4234.5  0.87706  13
4235  0.878687  13
4235.5  0.879941  13
4236  0.881289  13
4236.5  0.883012  13
4237  0.884363  13
4237.5  0.885435  13
4238  0.887068  13
4238.5  0.888702  13
4239  0.889028  13
4239.5  0.890102  13
4240  0.890897  13
4240.5  0.892066  13
4241  0.894267  13
4241.5  0.89497  13
4242  0.895954  13
4242.5  0.89694  13
4243  0.897738  13
4243.5  0.898537  13
4244  0.900275  13
4244.5  0.900793  13
4245  0.902064  13
4245.5  0.902959  13
4246  0.90376  13
4246.5  0.904185  13
4247  0.906024  13
4247.5  0.907017  13
4248  0.908197  13
4248.5  0.909568  13
4249  0.910185  13
4249.5  0.911935  13
4250  0.912931  13
4250.5  0.914021  13
4251  0.91483  13
4251.5  0.916112  13
4252  0.916731  13
4252.5  0.918488  13
4253  0.919677  13
4253.5  0.921342  13
4254  0.922439  13
4254.5  0.923631  13
4255  0.924445  13
4255.5  0.925354  13
4256  0.926454  13
4256.5  0.927174  13
4257  0.927704  13
4257.5  0.927854  13
4258  0.928862  13
4258.5  0.93006  13
4259  0.931449  13
4259.5  0.932363  13
4260  0.933563  13
4260.5  0.934001  13
4261  0.934345  13
4261.5  0.93507  13
4262  0.935986  13
4262.5  0.936808  13
4263  0.937822  13
4263.5  0.93807  13
4264  0.938798  13
4264.5  0.939143  13
4265  0.939775  13
4265.5  0.940599  13
4266  0.941807  13
4266.5  0.942441  13
4267  0.942883  13
4267.5  0.943229  13
4268  0.943767  13
4268.5  0.944977  13
4269  0.945805  13
4269.5  0.945862  13
4270  0.946594  13
4270.5  0.947037  13
4271  0.947383  13
4271.5  0.948982  13
4272  0.949521  13
4272.5  0.949868  13
4273  0.949925  13
4273.5  0.950562  13
4274  0.951102  13
4274.5  0.951448  13
4275  0.951796  13
4275.5  0.952336  13
4276  0.952489  13
4276.5  0.952739  13
4277  0.953183  13
4277.5  0.954306  13
4278  0.954945  13
4278.5  0.95539  13
4279  0.955641  13
4279.5  0.955601  13
4280  0.956143  13
4280.5  0.956881  13
4281  0.957229  13
4281.5  0.957773  13
4282  0.957733  13
4282.5  0.95818  13
4283  0.958821  13
4283.5  0.959853  13
4284  0.960885  13
4284.5  0.961919  13
4285  0.962562  13
4285.5  0.962816  13
4286  0.963459  13
4286.5  0.964202  13
4287  0.965238  13
4287.5  0.966079  13
4288  0.966724  13
4288.5  0.96786  13
4289  0.969094  13
4289.5  0.969544  13
4290  0.970976  13
4290.5  0.972704  13
4291  0.973744  13
4291.5  0.973803  13
4292  0.97406  13
4292.5  0.973725  13
4293  0.973882  13
4293.5  0.974237  13
4294  0.974098  13
4294.5  0.974944  13
4295  0.975396  13
4295.5  0.974863  13
4296  0.975512  13
4296.5  0.975471  13
4297  0.976121  13
4297.5  0.97677  13
4298  0.977124  13
4298.5  0.976984  13
4299  0.977437  13
4299.5  0.977889  13
4300  0.978144  13
4300.5  0.978497  13
4301  0.979445  13
4301.5  0.980197  13
4302  0.980947  13
4302.5  0.980706  13
4303  0.981457  13
4303.5  0.982805  13
4304  0.984054  13
4304.5  0.984807  13
4305  0.985759  13
4305.5  0.986812  13
4306  0.987566  13
4306.5  0.98832  13
4307  0.989573  13
4307.5  0.991226  13
4308  0.993179  13
4308.5  0.994734  13
4309  0.996391  13
4309.5  0.99725  13
4310  0.998409  13
4310.5  1.00027  13
4311  1.00093  13
4311.5  1.00229  13
4312  1.00305  13
4312.5  1.00471  13
4313  1.00547  13
4313.5  1.00704  13
4314  1.0082  13
4314.5  1.00927  13
4315  1.00983  13
4315.5  1.01019  13
4316  1.01026  13
4316.5  1.01092  13
4317  1.01128  13
4317.5  1.01235  13
4318  1.01181  13
4318.5  1.01207  13
4319  1.01284  13
4319.5  1.0131  13
4320  1.01327  13
4320.5  1.01272  13
4321  1.01208  13
4321.5  1.01133  13
4322  1.01008  13
4322.5  1.00913  13
4323  1.00848  13
4323.5  1.00742  13
4324  1.00607  13
4324.5  1.00491  13
4325  1.00375  13
4325.5  1.00249  13
4326  1.00193  13
4326.5  0.999756  13
4327  0.997881  13
4327.5  0.995293  13
4328  0.992702  13
4328.5  0.991227  13
4329  0.989343  13
4329.5  0.987762  13
4330  0.985264  13
4330.5  0.982966  13
4331  0.979954  13
4331.5  0.977244  13
4332  0.97494  13
4332.5  0.97151  13
4333  0.96818  13
4333.5  0.964846  13
4334  0.961304  13
4334.5  0.958372  13
4335  0.955437  13
4335.5  0.952192  13
4336  0.948535  13
4336.5  0.943749  13
4337  0.939879  13
4337.5  0.934571  13
4338  0.930693  13
4338.5  0.926298  13
4339  0.922003  13
4339.5  0.917599  13
4340  0.912576  13
4340.5  0.907958  13
4341  0.902411  13
4341.5  0.897065  13
4342  0.892227  13
4342.5  0.886871  13
4343  0.880685  13
4343.5  0.875317  13
4344  0.869017  13
4344.5  0.863123  13
4345  0.856502  13
4345.5  0.850493  13
4346  0.844685  13
4346.5  0.83846  13
4347  0.831815  13
4347.5  0.824749  13
4348  0.81747  13
4348.5  0.810081  13
4349  0.802995  13
4349.5  0.795697  13
4350  0.787769  13
4350.5  0.780145  13
4351  0.772514  13
4351.5  0.764462  13
4352  0.756713  13
4352.5  0.748749  13
4353  0.740569  13
4353.5  0.731759  13
4354  0.722732  13
4354.5  0.713489  13
4355  0.704654  13
4355.5  0.696226  13
4356  0.68727  13
4356.5  0.678306  13
4357  0.669229  13
4357.5  0.660143  13
4358  0.650944  13
4358.5  0.641112  13
4359  0.631059  13
4359.5  0.621103  13
4360  0.611241  13
4360.5  0.602103  13
4361  0.592537  13
4361.5  0.582753  13
4362  0.573169  13
4362.5  0.563368  13
4363  0.553033  13
4363.5  0.542792  13
4364  0.533277  13
4364.5  0.523334  13
4365  0.513381  13
4365.5  0.502788  13
4366  0.493027  13
4366.5  0.483467  13
4367  0.473583  13
4367.5  0.4639  13
4368  0.454524  13
4368.5  0.444192  13
4369  0.434061  13
4369.5  0.424342  13
4370  0.413981  13
4370.5  0.404139  13
4371  0.3945  13
4371.5  0.384745  13
4372  0.374876  13
4372.5  0.365421  13
4373  0.355747  13
4373.5  0.346486  13
4374  0.336898  13
4374.5  0.327197  13
4375  0.318017  13
4375.5  0.308934  13
4376  0.299632  13
4376.5  0.290956  13
4377  0.28238  13
4377.5  0.273901  13
4378  0.265629  13
4378.5  0.257347  13
4379  0.249271  13
4379.5  0.241082  13
4380  0.233099  13
4380.5  0.22532  13
4381  0.217641  13
4381.5  0.210168  13
4382  0.202689  13
4382.5  0.195737  13
4383  0.188777  13
4383.5  0.181705  13
4384  0.174734  13
4384.5  0.168183  13
4385  0.161627  13
4385.5  0.155279  13
4386  0.149354  13
4386.5  0.14353  13
4387  0.137594  13
4387.5  0.131973  13
4388  0.126456  13
4388.5  0.121361  13
4389  0.116478  13
4389.5  0.111483  13
4390  0.10673  13
4390.5  0.102027  13
4391  0.0975881  13
4391.5  0.0935113  13
4392  0.0894849  13
4392.5  0.0853471  13
4393  0.0816796  13
4393.5  0.077998  13
4394  0.0743778  13
4394.5  0.0710671  13
4395  0.0678072  13
4395.5  0.0647711  13
4396  0.0619374  13
4396.5  0.0588418  13
4397  0.0559486  13
4397.5  0.0534638  13
4398  0.0509984  13
4398.5  0.0487255  13
4399  0.0463313  13
4399.5  0.0441841  13
4400  0.0421217  13
4400.5  0.0401657  13
4401  0.0381864  13
4401.5  0.0364114  13
4402  0.0346021  13
4402.5  0.0329218  13
4403  0.0314138  13
4403.5  0.0298827  13
4404  0.0283831  13
4404.5  0.0271215  13
4405  0.0258696  13
4405.5  0.0246277  13
4406  0.0234283  13
4406.5  0.022337  13
4407  0.0213974  13
4407.5  0.020326  13
4408  0.0193739  13
4408.5  0.018563  13
4409  0.0176968  13
4409.5  0.0169282  13
4410  0.0160934  13
4410.5  0.0153345  13
4411  0.0146953  13
4411.5  0.0140666  13
4412  0.013481  13
4412.5  0.012928  13
4413  0.0123963  13
4413.5  0.0118971  13
4414  0.0113865  13
4414.5  0.0109347  13
4415  0.0104365  13
4425  0  13
# 663 ./Suprime.IB464 0 14
4468.5  0  14
4478.5  0.00988235  14
4479  0.0103565  14
4479.5  0.0109135  14
4480  0.0115513  14
4480.5  0.0121997  14
4481  0.0128688  14
4481.5  0.0135585  14
4482  0.0141481  14
4482.5  0.0148691  14
4483  0.015611  14
4483.5  0.016444  14
4484  0.0173787  14
4484.5  0.0182738  14
4485  0.0193109  14
4485.5  0.0203894  14
4486  0.021408  14
4486.5  0.0226599  14
4487  0.0239027  14
4487.5  0.0251465  14
4488  0.0263711  14
4488.5  0.0276372  14
4489  0.0290057  14
4489.5  0.030436  14
4490  0.0321106  14
4490.5  0.033797  14
4491  0.035698  14
4491.5  0.0375702  14
4492  0.0393934  14
4492.5  0.0415637  14
4493  0.0436036  14
4493.5  0.0456658  14
4494  0.0480144  14
4494.5  0.050304  14
4495  0.0529618  14
4495.5  0.0556115  14
4496  0.0585281  14
4496.5  0.0615792  14
4497  0.064663  14
4497.5  0.068218  14
4498  0.0715712  14
4498.5  0.0750487  14
4499  0.0785485  14
4499.5  0.082428  14
4500  0.0866155  14
4500.5  0.0907948  14
4501  0.0951187  14
4501.5  0.0999045  14
4502  0.104569  14
4502.5  0.109512  14
4503  0.114457  14
4503.5  0.119712  14
4504  0.125069  14
4504.5  0.130737  14
4505  0.136511  14
4505.5  0.142081  14
4506  0.148269  14
4506.5  0.154665  14
4507  0.161372  14
4507.5  0.168186  14
4508  0.174796  14
4508.5  0.181412  14
4509  0.188648  14
4509.5  0.19599  14
4510  0.203646  14
4510.5  0.21141  14
4511  0.219074  14
4511.5  0.22695  14
4512  0.234932  14
4512.5  0.243123  14
4513  0.251937  14
4513.5  0.260859  14
4514  0.269785  14
4514.5  0.279025  14
4515  0.287652  14
4515.5  0.296799  14
4516  0.306466  14
4516.5  0.316035  14
4517  0.325506  14
4517.5  0.335395  14
4518  0.345084  14
4518.5  0.354778  14
4519  0.364786  14
4519.5  0.375317  14
4520  0.385955  14
4520.5  0.39629  14
4521  0.406735  14
4521.5  0.417081  14
4522  0.427226  14
4522.5  0.437687  14
4523  0.448775  14
4523.5  0.459248  14
4524  0.469829  14
4524.5  0.480417  14
4525  0.491218  14
4525.5  0.501609  14
4526  0.512318  14
4526.5  0.523447  14
4527  0.534063  14
4527.5  0.543959  14
4528  0.553964  14
4528.5  0.56387  14
4529  0.573574  14
4529.5  0.583179  14
4530  0.593725  14
4530.5  0.603341  14
4531  0.612858  14
4531.5  0.622588  14
4532  0.631179  14
4532.5  0.640607  14
4533  0.649624  14
4533.5  0.658437  14
4534  0.667151  14
4534.5  0.675141  14
4535  0.683863  14
4535.5  0.692382  14
4536  0.700698  14
4536.5  0.708184  14
4537  0.716299  14
4537.5  0.723793  14
4538  0.731082  14
4538.5  0.738689  14
4539  0.745358  14
4539.5  0.75172  14
4540  0.759024  14
4540.5  0.765602  14
4541  0.771763  14
4541.5  0.778243  14
4542  0.784308  14
4542.5  0.789538  14
4543  0.795086  14
4543.5  0.800323  14
4544  0.805562  14
4544.5  0.811327  14
4545  0.816154  14
4545.5  0.820981  14
4546  0.825289  14
4546.5  0.829074  14
4547  0.83391  14
4547.5  0.838119  14
4548  0.841912  14
4548.5  0.845601  14
4549  0.849292  14
4549.5  0.85246  14
4550  0.85521  14
4550.5  0.859328  14
4551  0.86208  14
4551.5  0.865046  14
4552  0.867908  14
4552.5  0.870666  14
4553  0.8729  14
4553.5  0.875662  14
4554  0.878529  14
4554.5  0.881293  14
4555  0.883006  14
4555.5  0.885667  14
4556  0.887803  14
4556.5  0.889834  14
4557  0.891761  14
4557.5  0.893479  14
4558  0.895513  14
4558.5  0.897338  14
4559  0.898951  14
4559.5  0.900461  14
4560  0.901653  14
4560.5  0.90327  14
4561  0.90478  14
4561.5  0.90587  14
4562  0.906114  14
4562.5  0.906779  14
4563  0.907447  14
4563.5  0.908008  14
4564  0.908569  14
4564.5  0.909342  14
4565  0.910328  14
4565.5  0.911314  14
4566  0.911241  14
4566.5  0.911697  14
4567  0.912684  14
4567.5  0.914095  14
4568  0.915189  14
4568.5  0.915858  14
4569  0.916211  14
4569.5  0.916881  14
4570  0.917765  14
4570.5  0.918543  14
4571  0.920383  14
4571.5  0.921161  14
4572  0.92279  14
4572.5  0.923676  14
4573  0.92435  14
4573.5  0.925236  14
4574  0.927401  14
4574.5  0.928714  14
4575  0.930134  14
4575.5  0.930598  14
4576  0.931486  14
4576.5  0.932909  14
4577  0.934545  14
4577.5  0.936075  14
4578  0.938245  14
4578.5  0.939883  14
4579  0.940242  14
4579.5  0.941668  14
4580  0.942668  14
4580.5  0.944415  14
4581  0.946056  14
4581.5  0.947805  14
4582  0.949021  14
4582.5  0.950451  14
4583  0.95124  14
4583.5  0.952884  14
4584  0.954102  14
4584.5  0.955427  14
4585  0.956539  14
4585.5  0.957544  14
4586  0.958015  14
4586.5  0.959449  14
4587  0.961098  14
4587.5  0.962106  14
4588  0.962792  14
4588.5  0.963371  14
4589  0.963844  14
4589.5  0.965388  14
4590  0.966077  14
4590.5  0.966657  14
4591  0.968312  14
4591.5  0.96911  14
4592  0.970123  14
4592.5  0.970815  14
4593  0.970968  14
4593.5  0.97252  14
4594  0.973536  14
4594.5  0.973476  14
4595  0.974061  14
4595.5  0.974861  14
4596  0.975661  14
4596.5  0.976677  14
4597  0.97683  14
4597.5  0.976445  14
4598  0.97649  14
4598.5  0.976965  14
4599  0.9769  14
4599.5  0.977158  14
4600  0.977091  14
4600.5  0.977131  14
4601  0.977277  14
4601.5  0.977099  14
4602  0.977352  14
4602.5  0.978035  14
4603  0.978071  14
4603.5  0.978213  14
4604  0.978787  14
4604.5  0.978281  14
4605  0.978855  14
4605.5  0.978671  14
4606  0.979678  14
4606.5  0.979927  14
4607  0.979851  14
4607.5  0.980101  14
4608  0.980892  14
4608.5  0.981466  14
4609  0.982583  14
4609.5  0.982726  14
4610  0.982653  14
4610.5  0.98247  14
4611  0.98218  14
4611.5  0.982106  14
4612  0.982141  14
4612.5  0.983153  14
4613  0.98373  14
4613.5  0.984634  14
4614  0.984452  14
4614.5  0.984922  14
4615  0.985283  14
4615.5  0.985753  14
4616  0.985462  14
4616.5  0.985605  14
4617  0.985423  14
4617.5  0.985676  14
4618  0.986472  14
4618.5  0.987051  14
4619  0.988067  14
4619.5  0.989409  14
4620  0.98977  14
4620.5  0.989588  14
4621  0.990276  14
4621.5  0.990311  14
4622  0.990455  14
4622.5  0.990599  14
4623  0.990852  14
4623.5  0.990886  14
4624  0.990921  14
4624.5  0.990846  14
4625  0.99088  14
4625.5  0.990914  14
4626  0.990948  14
4626.5  0.990872  14
4627  0.990578  14
4627.5  0.990175  14
4628  0.989442  14
4628.5  0.989695  14
4629  0.9894  14
4629.5  0.988996  14
4630  0.989138  14
4630.5  0.989172  14
4631  0.989315  14
4631.5  0.989567  14
4632  0.98982  14
4632.5  0.989635  14
4633  0.989668  14
4633.5  0.99003  14
4634  0.990064  14
4634.5  0.990317  14
4635  0.991009  14
4635.5  0.990823  14
4636  0.991406  14
4636.5  0.99111  14
4637  0.991363  14
4637.5  0.992166  14
4638  0.992199  14
4638.5  0.991682  14
4639  0.991605  14
4639.5  0.991638  14
4640  0.992111  14
4640.5  0.992914  14
4641  0.992946  14
4641.5  0.992648  14
4642  0.993562  14
4642.5  0.994035  14
4643  0.993848  14
4643.5  0.994431  14
4644  0.995566  14
4644.5  0.996371  14
4645  0.996845  14
4645.5  0.997208  14
4646  0.998456  14
4646.5  0.999593  14
4647  0.999957  14
4647.5  1.00065  14
4648  1.00047  14
4648.5  1.00083  14
4649  1.0023  14
4649.5  1.00311  14
4650  1.00259  14
4650.5  1.00296  14
4651  1.0031  14
4651.5  1.00291  14
4652  1.00273  14
4652.5  1.00365  14
4653  1.00346  14
4653.5  1.00349  14
4654  1.0033  14
4654.5  1.00312  14
4655  1.00315  14
4655.5  1.00263  14
4656  1.00288  14
4656.5  1.00303  14
4657  1.00251  14
4657.5  1.0021  14
4658  1.00213  14
4658.5  1.00194  14
4659  1.00208  14
4659.5  1.00189  14
4660  1.0017  14
4660.5  1.0004  14
4661  1.0001  14
4661.5  0.999792  14
4662  0.99871  14
4662.5  0.999075  14
4663  0.998771  14
4663.5  0.998801  14
4664  0.998831  14
4664.5  0.997746  14
4665  0.996996  14
4665.5  0.997025  14
4666  0.996497  14
4666.5  0.995745  14
4667  0.995103  14
4667.5  0.994797  14
4668  0.994045  14
4668.5  0.993626  14
4669  0.992538  14
4669.5  0.99223  14
4670  0.992034  14
4670.5  0.990943  14
4671  0.990189  14
4671.5  0.989657  14
4672  0.9889  14
4672.5  0.98848  14
4673  0.988282  14
4673.5  0.988085  14
4674  0.988336  14
4674.5  0.987689  14
4675  0.98738  14
4675.5  0.986733  14
4676  0.986311  14
4676.5  0.986225  14
4677  0.986362  14
4677.5  0.985042  14
4678  0.98473  14
4678.5  0.984418  14
4679  0.98433  14
4679.5  0.983119  14
4680  0.982357  14
4680.5  0.981369  14
4681  0.980493  14
4681.5  0.979055  14
4682  0.97739  14
4682.5  0.977074  14
4683  0.976421  14
4683.5  0.975768  14
4684  0.975114  14
4684.5  0.973783  14
4685  0.972903  14
4685.5  0.972699  14
4686  0.971478  14
4686.5  0.970484  14
4687  0.969376  14
4687.5  0.968831  14
4688  0.967722  14
4688.5  0.967741  14
4689  0.96663  14
4689.5  0.965745  14
4690  0.964972  14
4690.5  0.963861  14
4691  0.962975  14
4691.5  0.961976  14
4692  0.960751  14
4692.5  0.959865  14
4693  0.95909  14
4693.5  0.957638  14
4694  0.956637  14
4694.5  0.955409  14
4695  0.953614  14
4695.5  0.952157  14
4696  0.950246  14
4696.5  0.948107  14
4697  0.946532  14
4697.5  0.945183  14
4698  0.943945  14
4698.5  0.942026  14
4699  0.939877  14
4699.5  0.93784  14
4700  0.9358  14
4700.5  0.933645  14
4701  0.931601  14
4701.5  0.929327  14
4702  0.927052  14
4702.5  0.924661  14
4703  0.922723  14
4703.5  0.920782  14
4704  0.919295  14
4704.5  0.917238  14
4705  0.914951  14
4705.5  0.912209  14
4706  0.908326  14
4706.5  0.906036  14
4707  0.903629  14
4707.5  0.90145  14
4708  0.899042  14
4708.5  0.896633  14
4709  0.893539  14
4709.5  0.890443  14
4710  0.887119  14
4710.5  0.884136  14
4711  0.881036  14
4711.5  0.877365  14
4712  0.873805  14
4712.5  0.870359  14
4713  0.866568  14
4713.5  0.863231  14
4714  0.860122  14
4714.5  0.856667  14
4715  0.852411  14
4715.5  0.847925  14
4716  0.843436  14
4716.5  0.839059  14
4717  0.834567  14
4717.5  0.830758  14
4718  0.826376  14
4718.5  0.821877  14
4719  0.817261  14
4719.5  0.812986  14
4720  0.808138  14
4720.5  0.803286  14
4721  0.798777  14
4721.5  0.793577  14
4722  0.788488  14
4722.5  0.783169  14
4723  0.777733  14
4723.5  0.772981  14
4724  0.76777  14
4724.5  0.76221  14
4725  0.756649  14
4725.5  0.75051  14
4726  0.745287  14
4726.5  0.739601  14
4727  0.733914  14
4727.5  0.727879  14
4728  0.722072  14
4728.5  0.715916  14
4729  0.709527  14
4729.5  0.703134  14
4730  0.69697  14
4730.5  0.690112  14
4731  0.683594  14
4731.5  0.676845  14
4732  0.669977  14
4732.5  0.663452  14
4733  0.656923  14
4733.5  0.650275  14
4734  0.642933  14
4734.5  0.635587  14
4735  0.628469  14
4735.5  0.621231  14
4736  0.614337  14
4736.5  0.607092  14
4737  0.599498  14
4737.5  0.592016  14
4738  0.585108  14
4738.5  0.577849  14
4739  0.570818  14
4739.5  0.563091  14
4740  0.555591  14
4740.5  0.548318  14
4741  0.540926  14
4741.5  0.533299  14
4742  0.525554  14
4742.5  0.518498  14
4743  0.510745  14
4743.5  0.50322  14
4744  0.495458  14
4744.5  0.488041  14
4745  0.480738  14
4745.5  0.473197  14
4746  0.46519  14
4746.5  0.457411  14
4747  0.450209  14
4747.5  0.442423  14
4748  0.434981  14
4748.5  0.427536  14
4749  0.419506  14
4749.5  0.412286  14
4750  0.404946  14
4750.5  0.397138  14
4751  0.389675  14
4751.5  0.382092  14
4752  0.374506  14
4752.5  0.367148  14
4753  0.359788  14
4753.5  0.352772  14
4754  0.345288  14
4754.5  0.33815  14
4755  0.330775  14
4755.5  0.323747  14
4756  0.316947  14
4756.5  0.309679  14
4757  0.30264  14
4757.5  0.295482  14
4758  0.288554  14
4758.5  0.281854  14
4759  0.275152  14
4759.5  0.268564  14
4760  0.262324  14
4760.5  0.255613  14
4761  0.249365  14
4761.5  0.242648  14
4762  0.236628  14
4762.5  0.230489  14
4763  0.224347  14
4763.5  0.218553  14
4764  0.212404  14
4764.5  0.206371  14
4765  0.200919  14
4765.5  0.195349  14
4766  0.189774  14
4766.5  0.184667  14
4767  0.179556  14
4767.5  0.174444  14
4768  0.169328  14
4768.5  0.164445  14
4769  0.159325  14
4769.5  0.154906  14
4770  0.15025  14
4770.5  0.145593  14
4771  0.141168  14
4771.5  0.136858  14
4772  0.132547  14
4772.5  0.12882  14
4773  0.124974  14
4773.5  0.121243  14
4774  0.117253  14
4774.5  0.11346  14
4775  0.109642  14
4775.5  0.106058  14
4776  0.102624  14
4776.5  0.0992364  14
4777  0.0959058  14
4777.5  0.0927149  14
4778  0.0898403  14
4778.5  0.0869527  14
4779  0.0839459  14
4779.5  0.0810201  14
4780  0.0781283  14
4780.5  0.0753767  14
4781  0.0726237  14
4781.5  0.070117  14
4782  0.0679396  14
4782.5  0.0654543  14
4783  0.0632511  14
4783.5  0.0609996  14
4784  0.0587943  14
4784.5  0.0568478  14
4785  0.0549476  14
4785.5  0.0529874  14
4786  0.05105  14
4786.5  0.0492535  14
4787  0.0476098  14
4787.5  0.0458352  14
4788  0.0445567  14
4788.5  0.0430171  14
4789  0.0414533  14
4789.5  0.0400071  14
4790  0.0386787  14
4790.5  0.0374561  14
4791  0.0360909  14
4791.5  0.0349976  14
4792  0.033797  14
4792.5  0.0326669  14
4793  0.0314654  14
4793.5  0.030358  14
4794  0.0292858  14
4794.5  0.0282604  14
4795  0.0273057  14
4795.5  0.0264101  14
4796  0.0253596  14
4796.5  0.0244037  14
4797  0.0236017  14
4797.5  0.0228112  14
4798  0.0219965  14
4798.5  0.0211339  14
4799  0.0203542  14
4799.5  0.019574  14
4800  0.0188769  14
4800.5  0.0181676  14
4801  0.0176484  14
4801.5  0.0170696  14
4802  0.0165143  14
4802.5  0.0159706  14
4803  0.0154268  14
4803.5  0.0148708  14
4804  0.014386  14
4804.5  0.0140083  14
4805  0.0134635  14
4805.5  0.0128348  14
4806  0.0123609  14
4806.5  0.0119703  14
4807  0.0116034  14
4807.5  0.0112422  14
4808  0.0108259  14
4808.5  0.0105181  14
4818.5  0  14
# 717 ./Suprime.IB484 0 15
4660  0  15
4670  0.00974063  15
4670.5  0.0100537  15
4671  0.0103496  15
4671.5  0.0106783  15
4672  0.010997  15
4672.5  0.0114788  15
4673  0.0118081  15
4673.5  0.0121986  15
4674  0.0126201  15
4674.5  0.0130927  15
4675  0.0135553  15
4675.5  0.014008  15
4676  0.0145119  15
4676.5  0.014914  15
4677  0.0154798  15
4677.5  0.0160765  15
4678  0.0166633  15
4678.5  0.0173015  15
4679  0.0178889  15
4679.5  0.0185891  15
4680  0.0192384  15
4680.5  0.019878  15
4681  0.0206714  15
4681.5  0.0214856  15
4682  0.022331  15
4682.5  0.023187  15
4683  0.0240948  15
4683.5  0.0250235  15
4684  0.0260244  15
4684.5  0.0270157  15
4685  0.0280176  15
4685.5  0.0290817  15
4686  0.0301359  15
4686.5  0.031314  15
4687  0.0326056  15
4687.5  0.0337643  15
4688  0.0350057  15
4688.5  0.0364636  15
4689  0.037912  15
4689.5  0.03932  15
4690  0.0407081  15
4690.5  0.0422307  15
4691  0.0437334  15
4691.5  0.0453605  15
4692  0.0468957  15
4692.5  0.0487304  15
4693  0.0505763  15
4693.5  0.052382  15
4694  0.0543946  15
4694.5  0.0564495  15
4695  0.0584333  15
4695.5  0.0606965  15
4696  0.0629712  15
4696.5  0.0650714  15
4697  0.0673483  15
4697.5  0.0700081  15
4698  0.072597  15
4698.5  0.0753214  15
4699  0.0781504  15
4699.5  0.0808979  15
4700  0.0837811  15
4700.5  0.0867897  15
4701  0.0898513  15
4701.5  0.0932039  15
4702  0.0965166  15
4702.5  0.0997791  15
4703  0.103261  15
4703.5  0.106857  15
4704  0.110611  15
4704.5  0.114573  15
4705  0.118642  15
4705.5  0.122401  15
4706  0.126576  15
4706.5  0.130547  15
4707  0.13483  15
4707.5  0.139426  15
4708  0.144232  15
4708.5  0.148833  15
4709  0.153539  15
4709.5  0.158352  15
4710  0.163374  15
4710.5  0.168504  15
4711  0.173843  15
4711.5  0.179289  15
4712  0.184841  15
4712.5  0.1905  15
4713  0.19616  15
4713.5  0.201929  15
4714  0.208012  15
4714.5  0.214306  15
4715  0.220498  15
4715.5  0.226798  15
4716  0.233413  15
4716.5  0.24024  15
4717  0.246862  15
4717.5  0.253382  15
4718  0.260323  15
4718.5  0.267266  15
4719  0.274318  15
4719.5  0.281373  15
4720  0.288326  15
4720.5  0.295491  15
4721  0.302556  15
4721.5  0.309937  15
4722  0.317322  15
4722.5  0.324606  15
4723  0.332415  15
4723.5  0.340019  15
4724  0.347314  15
4724.5  0.354507  15
4725  0.362331  15
4725.5  0.370472  15
4726  0.378304  15
4726.5  0.386139  15
4727  0.393978  15
4727.5  0.401821  15
4728  0.409771  15
4728.5  0.41783  15
4729  0.426103  15
4729.5  0.434381  15
4730  0.442451  15
4730.5  0.450631  15
4731  0.458604  15
4731.5  0.466792  15
4732  0.474878  15
4732.5  0.483492  15
4733  0.491587  15
4733.5  0.499999  15
4734  0.508101  15
4734.5  0.515996  15
4735  0.523895  15
4735.5  0.531693  15
4736  0.53981  15
4736.5  0.547089  15
4737  0.554476  15
4737.5  0.561446  15
4738  0.568841  15
4738.5  0.576028  15
4739  0.583219  15
4739.5  0.590623  15
4740  0.598136  15
4740.5  0.605442  15
4741  0.612225  15
4741.5  0.618484  15
4742  0.625167  15
4742.5  0.631958  15
4743  0.639385  15
4743.5  0.646078  15
4744  0.652879  15
4744.5  0.659789  15
4745  0.666279  15
4745.5  0.672456  15
4746  0.678953  15
4746.5  0.684607  15
4747  0.690263  15
4747.5  0.695923  15
4748  0.701268  15
4748.5  0.706509  15
4749  0.711753  15
4749.5  0.716999  15
4750  0.722249  15
4750.5  0.727288  15
4751  0.731589  15
4751.5  0.736527  15
4752  0.740619  15
4752.5  0.745243  15
4753  0.750295  15
4753.5  0.755453  15
4754  0.759554  15
4754.5  0.763974  15
4755  0.768928  15
4755.5  0.77261  15
4756  0.776719  15
4756.5  0.780298  15
4757  0.784411  15
4757.5  0.788312  15
4758  0.79179  15
4758.5  0.795377  15
4759  0.798646  15
4759.5  0.80181  15
4760  0.804975  15
4760.5  0.808142  15
4761  0.810778  15
4761.5  0.813736  15
4762  0.816693  15
4762.5  0.819546  15
4763  0.822187  15
4763.5  0.82515  15
4764  0.827474  15
4764.5  0.830332  15
4765  0.832658  15
4765.5  0.834452  15
4766  0.836139  15
4766.5  0.838149  15
4767  0.840372  15
4767.5  0.842062  15
4768  0.84354  15
4768.5  0.844485  15
4769  0.845751  15
4769.5  0.846803  15
4770  0.847749  15
4770.5  0.848696  15
4771  0.849535  15
4771.5  0.851017  15
4772  0.852071  15
4772.5  0.852485  15
4773  0.853004  15
4773.5  0.854274  15
4774  0.855437  15
4774.5  0.855851  15
4775  0.856799  15
4775.5  0.857857  15
4776  0.859235  15
4776.5  0.860078  15
4777  0.860708  15
4777.5  0.860694  15
4778  0.861325  15
4778.5  0.862062  15
4779  0.862691  15
4779.5  0.862571  15
4780  0.86245  15
4780.5  0.863295  15
4781  0.864141  15
4781.5  0.864235  15
4782  0.864974  15
4782.5  0.865606  15
4783  0.865593  15
4783.5  0.866118  15
4784  0.866535  15
4784.5  0.867384  15
4785  0.868338  15
4785.5  0.870048  15
4786  0.871435  15
4786.5  0.872392  15
4787  0.873027  15
4787.5  0.874092  15
4788  0.875912  15
4788.5  0.876871  15
4789  0.877183  15
4789.5  0.878789  15
4790  0.879426  15
4790.5  0.880602  15
4791  0.881778  15
4791.5  0.883064  15
4792  0.884566  15
4792.5  0.885636  15
4793  0.886276  15
4793.5  0.8867  15
4794  0.887339  15
4794.5  0.887655  15
4795  0.888295  15
4795.5  0.889477  15
4796  0.890226  15
4796.5  0.890758  15
4797  0.892373  15
4797.5  0.892798  15
4798  0.89409  15
4798.5  0.894947  15
4799  0.895913  15
4799.5  0.896014  15
4800  0.896443  15
4800.5  0.897201  15
4801  0.898288  15
4801.5  0.898729  15
4802  0.899714  15
4802.5  0.900921  15
4803  0.901804  15
4803.5  0.901931  15
4804  0.902276  15
4804.5  0.902731  15
4805  0.903294  15
4805.5  0.904076  15
4806  0.904532  15
4806.5  0.904879  15
4807  0.904898  15
4807.5  0.905786  15
4808  0.906563  15
4808.5  0.907014  15
4809  0.907573  15
4809.5  0.908024  15
4810  0.908149  15
4810.5  0.908926  15
4811  0.90905  15
4811.5  0.90961  15
4812  0.909954  15
4812.5  0.910623  15
4813  0.910203  15
4813.5  0.909891  15
4814  0.910452  15
4814.5  0.910359  15
4815  0.91092  15
4815.5  0.910826  15
4816  0.910841  15
4816.5  0.911185  15
4817  0.911527  15
4817.5  0.911761  15
4818  0.911994  15
4818.5  0.911789  15
4819  0.912679  15
4819.5  0.913022  15
4820  0.913913  15
4820.5  0.914147  15
4821  0.915586  15
4821.5  0.915822  15
4822  0.916386  15
4822.5  0.917499  15
4823  0.917626  15
4823.5  0.917972  15
4824  0.918648  15
4824.5  0.918994  15
4825  0.919451  15
4825.5  0.919688  15
4826  0.920364  15
4826.5  0.921589  15
4827  0.921497  15
4827.5  0.921954  15
4828  0.92241  15
4828.5  0.923197  15
4829  0.922993  15
4829.5  0.92422  15
4830  0.924677  15
4830.5  0.925024  15
4831  0.925702  15
4831.5  0.92682  15
4832  0.927057  15
4832.5  0.927404  15
4833  0.927202  15
4833.5  0.928431  15
4834  0.928889  15
4834.5  0.928796  15
4835  0.929585  15
4835.5  0.930264  15
4836  0.930943  15
4836.5  0.931181  15
4837  0.93164  15
4837.5  0.932209  15
4838  0.932668  15
4838.5  0.933237  15
4839  0.934358  15
4839.5  0.93526  15
4840  0.936052  15
4840.5  0.936733  15
4841  0.937304  15
4841.5  0.937655  15
4842  0.938449  15
4842.5  0.939797  15
4843  0.939926  15
4843.5  0.940721  15
4844  0.941074  15
4844.5  0.941538  15
4845  0.942554  15
4845.5  0.942796  15
4846  0.943038  15
4846.5  0.943613  15
4847  0.943521  15
4847.5  0.943541  15
4848  0.943893  15
4848.5  0.944911  15
4849  0.946374  15
4849.5  0.947171  15
4850  0.947969  15
4850.5  0.947656  15
4851  0.948787  15
4851.5  0.949253  15
4852  0.949719  15
4852.5  0.950964  15
4853  0.951875  15
4853.5  0.95301  15
4854  0.954368  15
4854.5  0.955726  15
4855  0.956862  15
4855.5  0.957665  15
4856  0.958803  15
4856.5  0.959493  15
4857  0.960409  15
4857.5  0.961323  15
4858  0.962461  15
4858.5  0.964271  15
4859  0.965299  15
4859.5  0.96655  15
4860  0.967914  15
4860.5  0.968608  15
4861  0.968855  15
4861.5  0.969326  15
4862  0.969574  15
4862.5  0.970491  15
4863  0.971522  15
4863.5  0.972329  15
4864  0.973137  15
4864.5  0.973944  15
4865  0.974528  15
4865.5  0.975336  15
4866  0.976033  15
4866.5  0.976393  15
4867  0.97709  15
4867.5  0.97745  15
4868  0.978148  15
4868.5  0.979181  15
4869  0.98044  15
4869.5  0.981139  15
4870  0.982398  15
4870.5  0.982648  15
4871  0.983123  15
4871.5  0.984047  15
4872  0.984074  15
4872.5  0.984887  15
4873  0.984576  15
4873.5  0.985276  15
4874  0.985302  15
4874.5  0.985553  15
4875  0.986143  15
4875.5  0.986732  15
4876  0.987433  15
4876.5  0.987684  15
4877  0.988499  15
4877.5  0.98909  15
4878  0.98968  15
4878.5  0.990382  15
4879  0.990409  15
4879.5  0.990435  15
4880  0.99159  15
4880.5  0.991842  15
4881  0.992771  15
4881.5  0.992573  15
4882  0.993164  15
4882.5  0.993304  15
4883  0.993556  15
4883.5  0.993809  15
4884  0.994286  15
4884.5  0.994087  15
4885  0.99366  15
4885.5  0.993913  15
4886  0.993714  15
4886.5  0.9934  15
4887  0.994332  15
4887.5  0.994018  15
4888  0.993704  15
4888.5  0.993617  15
4889  0.994097  15
4889.5  0.99435  15
4890  0.994489  15
4890.5  0.995196  15
4891  0.995109  15
4891.5  0.995247  15
4892  0.994592  15
4892.5  0.994731  15
4893  0.99487  15
4893.5  0.994669  15
4894  0.995262  15
4894.5  0.995856  15
4895  0.995655  15
4895.5  0.995794  15
4896  0.996162  15
4896.5  0.996756  15
4897  0.997693  15
4897.5  0.997495  15
4898  0.997526  15
4898.5  0.997784  15
4899  0.998268  15
4899.5  0.998519  15
4900  0.99922  15
4900.5  1.00037  15
4901  1.00151  15
4901.5  1.00231  15
4902  1.00207  15
4902.5  1.00285  15
4903  1.00329  15
4903.5  1.00441  15
4904  1.00508  15
4904.5  1.00563  15
4905  1.00572  15
4905.5  1.00649  15
4906  1.00739  15
4906.5  1.00817  15
4907  1.00896  15
4907.5  1.00963  15
4908  1.01065  15
4908.5  1.01064  15
4909  1.01074  15
4909.5  1.01096  15
4910  1.01175  15
4910.5  1.01185  15
4911  1.01275  15
4911.5  1.01251  15
4912  1.01261  15
4912.5  1.01271  15
4913  1.01224  15
4913.5  1.01211  15
4914  1.01198  15
4914.5  1.01163  15
4915  1.01104  15
4915.5  1.01034  15
4916  1.00998  15
4916.5  1.00996  15
4917  1.00972  15
4917.5  1.00913  15
4918  1.00854  15
4918.5  1.00772  15
4919  1.00633  15
4919.5  1.00597  15
4920  1.00515  15
4920.5  1.00398  15
4921  1.00339  15
4921.5  1.00291  15
4922  1.00151  15
4922.5  0.999998  15
4923  0.998598  15
4923.5  0.997889  15
4924  0.996026  15
4924.5  0.994279  15
4925  0.991954  15
4925.5  0.990551  15
4926  0.989147  15
4926.5  0.98682  15
4927  0.984723  15
4927.5  0.982163  15
4928  0.979718  15
4928.5  0.97681  15
4929  0.974131  15
4929.5  0.97076  15
4930  0.968194  15
4930.5  0.96505  15
4931  0.961558  15
4931.5  0.958179  15
4932  0.954221  15
4932.5  0.950262  15
4933  0.946417  15
4933.5  0.942106  15
4934  0.937101  15
4934.5  0.932903  15
4935  0.928818  15
4935.5  0.924385  15
4936  0.919487  15
4936.5  0.914934  15
4937  0.909916  15
4937.5  0.904549  15
4938  0.899642  15
4938.5  0.894502  15
4939  0.888896  15
4939.5  0.882939  15
4940  0.876979  15
4940.5  0.871017  15
4941  0.865053  15
4941.5  0.85955  15
4942  0.853348  15
4942.5  0.84668  15
4943  0.839544  15
4943.5  0.832403  15
4944  0.825493  15
4944.5  0.818116  15
4945  0.810967  15
4945.5  0.803583  15
4946  0.795497  15
4946.5  0.787525  15
4947  0.779666  15
4947.5  0.771921  15
4948  0.764403  15
4948.5  0.756069  15
4949  0.747846  15
4949.5  0.739271  15
4950  0.730459  15
4950.5  0.722227  15
4951  0.713756  15
4951.5  0.705633  15
4952  0.697271  15
4952.5  0.688557  15
4953  0.679372  15
4953.5  0.670651  15
4954  0.66169  15
4954.5  0.652845  15
4955  0.644229  15
4955.5  0.635025  15
4956  0.625233  15
4956.5  0.616021  15
4957  0.606454  15
4957.5  0.596767  15
4958  0.586959  15
4958.5  0.577497  15
4959  0.567681  15
4959.5  0.557977  15
4960  0.54862  15
4960.5  0.538908  15
4961  0.528959  15
4961.5  0.519238  15
4962  0.509631  15
4962.5  0.500021  15
4963  0.490406  15
4963.5  0.480669  15
4964  0.47128  15
4964.5  0.46177  15
4965  0.45249  15
4965.5  0.443322  15
4966  0.434153  15
4966.5  0.424743  15
4967  0.4158  15
4967.5  0.406265  15
4968  0.39614  15
4968.5  0.387067  15
4969  0.37799  15
4969.5  0.369026  15
4970  0.360294  15
4970.5  0.351675  15
4971  0.342466  15
4971.5  0.333956  15
4972  0.325679  15
4972.5  0.316928  15
4973  0.308056  15
4973.5  0.299886  15
4974  0.292065  15
4974.5  0.283888  15
4975  0.27606  15
4975.5  0.268229  15
4976  0.260983  15
4976.5  0.253264  15
4977  0.246131  15
4977.5  0.239347  15
4978  0.231972  15
4978.5  0.224829  15
4979  0.218038  15
4979.5  0.211124  15
4980  0.204444  15
4980.5  0.198351  15
4981  0.192257  15
4981.5  0.185923  15
4982  0.180058  15
4982.5  0.174546  15
4983  0.168559  15
4983.5  0.163278  15
4984  0.157994  15
4984.5  0.152827  15
4985  0.147658  15
4985.5  0.142603  15
4986  0.137785  15
4986.5  0.1332  15
4987  0.128969  15
4987.5  0.124854  15
4988  0.120501  15
4988.5  0.116347  15
4989  0.112322  15
4989.5  0.108697  15
4990  0.10487  15
4990.5  0.101219  15
4991  0.0979332  15
4991.5  0.0944094  15
4992  0.0910381  15
4992.5  0.0880569  15
4993  0.0851099  15
4993.5  0.0819719  15
4994  0.0792953  15
4994.5  0.0766532  15
4995  0.0737607  15
4995.5  0.071057  15
4996  0.0686134  15
4996.5  0.0662163  15
4997  0.0639249  15
4997.5  0.0616564  15
4998  0.0596723  15
4998.5  0.0573782  15
4999  0.055345  15
4999.5  0.053525  15
5000  0.0517163  15
5000.5  0.0499544  15
5001  0.0481443  15
5001.5  0.0465955  15
5002  0.0449507  15
5002.5  0.0434363  15
5003  0.0419927  15
5003.5  0.0407867  15
5004  0.0394492  15
5004.5  0.0382182  15
5005  0.0370583  15
5005.5  0.0359933  15
5006  0.0347488  15
5006.5  0.0338497  15
5007  0.0327832  15
5007.5  0.0317877  15
5008  0.030792  15
5008.5  0.0298075  15
5009  0.0289303  15
5009.5  0.0281601  15
5010  0.0273657  15
5010.5  0.0264634  15
5011  0.0258476  15
5011.5  0.0249805  15
5012  0.0242684  15
5012.5  0.023532  15
5013  0.0228193  15
5013.5  0.0220464  15
5014  0.0214767  15
5014.5  0.0208828  15
5015  0.0202525  15
5015.5  0.0196102  15
5016  0.0190873  15
5016.5  0.0185643  15
5017  0.0180889  15
5017.5  0.0175413  15
5018  0.0170776  15
5018.5  0.0165654  15
5019  0.0160532  15
5019.5  0.0156248  15
5020  0.0151841  15
5020.5  0.0148393  15
5021  0.0144944  15
5021.5  0.0140051  15
5022  0.0135517  15
5022.5  0.0131462  15
5023  0.0127885  15
5023.5  0.012563  15
5024  0.012205  15
5024.5  0.011966  15
5025  0.0116751  15
5025.5  0.0113649  15
5026  0.0110737  15
5026.5  0.0108559  15
5027  0.0105091  15
5037  0  15
# 758 ./Suprime.IB505 0 16
4863.5  0  16
4873.5  0.00988178  16
4874  0.0101844  16
4874.5  0.0105058  16
4875  0.0109328  16
4875.5  0.0112011  16
4876  0.0115218  16
4876.5  0.0118809  16
4877  0.0122321  16
4877.5  0.0125022  16
4878  0.0126912  16
4878.5  0.0131126  16
4879  0.0133482  16
4879.5  0.0137118  16
4880  0.0140988  16
4880.5  0.0145326  16
4881  0.0149433  16
4881.5  0.0153194  16
4882  0.0156257  16
4882.5  0.016037  16
4883  0.0163439  16
4883.5  0.0167555  16
4884  0.0172024  16
4884.5  0.0176378  16
4885  0.0181316  16
4885.5  0.0186724  16
4886  0.0192484  16
4886.5  0.0197664  16
4887  0.020518  16
4887.5  0.0210949  16
4888  0.0215788  16
4888.5  0.0222496  16
4889  0.0228975  16
4889.5  0.0236508  16
4890  0.024498  16
4890.5  0.025252  16
4891  0.0260766  16
4891.5  0.0268432  16
4892  0.0276453  16
4892.5  0.0285062  16
4893  0.0294026  16
4893.5  0.0303229  16
4894  0.0312438  16
4894.5  0.0322118  16
4895  0.0330398  16
4895.5  0.0340324  16
4896  0.0351308  16
4896.5  0.0361946  16
4897  0.037259  16
4897.5  0.038324  16
4898  0.0395421  16
4898.5  0.040843  16
4899  0.042168  16
4899.5  0.0435286  16
4900  0.0448779  16
4900.5  0.0462744  16
4901  0.0477183  16
4901.5  0.0492682  16
4902  0.050889  16
4902.5  0.0525927  16
4903  0.0543086  16
4903.5  0.0561308  16
4904  0.0578832  16
4904.5  0.0597774  16
4905  0.0618608  16
4905.5  0.0638272  16
4906  0.0657476  16
4906.5  0.0677867  16
4907  0.0697208  16
4907.5  0.0717854  16
4908  0.0742161  16
4908.5  0.076589  16
4909  0.0789981  16
4909.5  0.0814555  16
4910  0.0839964  16
4910.5  0.0865149  16
4911  0.089235  16
4911.5  0.092027  16
4912  0.0950327  16
4912.5  0.0980042  16
4913  0.10113  16
4913.5  0.104352  16
4914  0.107647  16
4914.5  0.111002  16
4915  0.114795  16
4915.5  0.118436  16
4916  0.12189  16
4916.5  0.125582  16
4917  0.129512  16
4917.5  0.133562  16
4918  0.137613  16
4918.5  0.141667  16
4919  0.145958  16
4919.5  0.15037  16
4920  0.154785  16
4920.5  0.159436  16
4921  0.164209  16
4921.5  0.169222  16
4922  0.174354  16
4922.5  0.179608  16
4923  0.184745  16
4923.5  0.189765  16
4924  0.195499  16
4924.5  0.20088  16
4925  0.206739  16
4925.5  0.212362  16
4926  0.218106  16
4926.5  0.22409  16
4927  0.230195  16
4927.5  0.236066  16
4928  0.242295  16
4928.5  0.248646  16
4929  0.254881  16
4929.5  0.261117  16
4930  0.267834  16
4930.5  0.274433  16
4931  0.281154  16
4931.5  0.288592  16
4932  0.2952  16
4932.5  0.30205  16
4933  0.308782  16
4933.5  0.315994  16
4934  0.322614  16
4934.5  0.329952  16
4935  0.33741  16
4935.5  0.344993  16
4936  0.352458  16
4936.5  0.359928  16
4937  0.367639  16
4937.5  0.375591  16
4938  0.382952  16
4938.5  0.390075  16
4939  0.397679  16
4939.5  0.40481  16
4940  0.412301  16
4940.5  0.420034  16
4941  0.42789  16
4941.5  0.43587  16
4942  0.444091  16
4942.5  0.45124  16
4943  0.458512  16
4943.5  0.465906  16
4944  0.473423  16
4944.5  0.480943  16
4945  0.488465  16
4945.5  0.495992  16
4946  0.503641  16
4946.5  0.511654  16
4947  0.519191  16
4947.5  0.52709  16
4948  0.534992  16
4948.5  0.543017  16
4949  0.550807  16
4949.5  0.557879  16
4950  0.565914  16
4950.5  0.573953  16
4951  0.581875  16
4951.5  0.58956  16
4952  0.597247  16
4952.5  0.604218  16
4953  0.611793  16
4953.5  0.618649  16
4954  0.625989  16
4954.5  0.632731  16
4955  0.639836  16
4955.5  0.646705  16
4956  0.653576  16
4956.5  0.660089  16
4957  0.666485  16
4957.5  0.673244  16
4958  0.679163  16
4958.5  0.685447  16
4959  0.691131  16
4959.5  0.697299  16
4960  0.702987  16
4960.5  0.70916  16
4961  0.714975  16
4961.5  0.720431  16
4962  0.725767  16
4962.5  0.731468  16
4963  0.736086  16
4963.5  0.74131  16
4964  0.746052  16
4964.5  0.750435  16
4965  0.754941  16
4965.5  0.758723  16
4966  0.763351  16
4966.5  0.767137  16
4967  0.771288  16
4967.5  0.774835  16
4968  0.778504  16
4968.5  0.781691  16
4969  0.784518  16
4969.5  0.787829  16
4970  0.790778  16
4970.5  0.793486  16
4971  0.796922  16
4971.5  0.799632  16
4972  0.801739  16
4972.5  0.803724  16
4973  0.806195  16
4973.5  0.808425  16
4974  0.810535  16
4974.5  0.812645  16
4975  0.814392  16
4975.5  0.815776  16
4976  0.817161  16
4976.5  0.818911  16
4977  0.820297  16
4977.5  0.821926  16
4978  0.823193  16
4978.5  0.824217  16
4979  0.824998  16
4979.5  0.825779  16
4980  0.827897  16
4980.5  0.829165  16
4981  0.830312  16
4981.5  0.831703  16
4982  0.832243  16
4982.5  0.833147  16
4983  0.834297  16
4983.5  0.83569  16
4984  0.83696  16
4984.5  0.837502  16
4985  0.83841  16
4985.5  0.838951  16
4986  0.839859  16
4986.5  0.840402  16
4987  0.84131  16
4987.5  0.842341  16
4988  0.842763  16
4988.5  0.843672  16
4989  0.844216  16
4989.5  0.845004  16
4990  0.846158  16
4990.5  0.846459  16
4991  0.847248  16
4991.5  0.847426  16
4992  0.848215  16
4992.5  0.849126  16
4993  0.850405  16
4993.5  0.851195  16
4994  0.852229  16
4994.5  0.854119  16
4995  0.855033  16
4995.5  0.855824  16
4996  0.856738  16
4996.5  0.857774  16
4997  0.859176  16
4997.5  0.859967  16
4998  0.860759  16
4998.5  0.86253  16
4999  0.86357  16
4999.5  0.865467  16
5000  0.866389  16
5000.5  0.867802  16
5001  0.86934  16
5001.5  0.870391  16
5002  0.872179  16
5002.5  0.873724  16
5003  0.875147  16
5003.5  0.876571  16
5004  0.878364  16
5004.5  0.879911  16
5005  0.881091  16
5005.5  0.882516  16
5006  0.88431  16
5006.5  0.885612  16
5007  0.886547  16
5007.5  0.887359  16
5008  0.888786  16
5008.5  0.890458  16
5009  0.891395  16
5009.5  0.892945  16
5010  0.893759  16
5010.5  0.894697  16
5011  0.895757  16
5011.5  0.896696  16
5012  0.897511  16
5012.5  0.898327  16
5013  0.899019  16
5013.5  0.900328  16
5014  0.901022  16
5014.5  0.902331  16
5015  0.903765  16
5015.5  0.904952  16
5016  0.906264  16
5016.5  0.906712  16
5017  0.907283  16
5017.5  0.908471  16
5018  0.90892  16
5018.5  0.909491  16
5019  0.910063  16
5019.5  0.910883  16
5020  0.911457  16
5020.5  0.911783  16
5021  0.913222  16
5021.5  0.914415  16
5022  0.915237  16
5022.5  0.915688  16
5023  0.916511  16
5023.5  0.918201  16
5024  0.918654  16
5024.5  0.919478  16
5025  0.921044  16
5025.5  0.921869  16
5026  0.923064  16
5026.5  0.924261  16
5027  0.925706  16
5027.5  0.926904  16
5028  0.928351  16
5028.5  0.929921  16
5029  0.930624  16
5029.5  0.931451  16
5030  0.932401  16
5030.5  0.93385  16
5031  0.935299  16
5031.5  0.935506  16
5032  0.937328  16
5032.5  0.938529  16
5033  0.938862  16
5033.5  0.939442  16
5034  0.940396  16
5034.5  0.940978  16
5035  0.942181  16
5035.5  0.943136  16
5036  0.943717  16
5036.5  0.944051  16
5037  0.945256  16
5037.5  0.946087  16
5038  0.94667  16
5038.5  0.947253  16
5039  0.947588  16
5039.5  0.948421  16
5040  0.947882  16
5040.5  0.948467  16
5041  0.949425  16
5041.5  0.949636  16
5042  0.950096  16
5042.5  0.951181  16
5043  0.950892  16
5043.5  0.951353  16
5044  0.952439  16
5044.5  0.953025  16
5045  0.95336  16
5045.5  0.953572  16
5046  0.953909  16
5046.5  0.95412  16
5047  0.954706  16
5047.5  0.955168  16
5048  0.956005  16
5048.5  0.956216  16
5049  0.956803  16
5049.5  0.957515  16
5050  0.957977  16
5050.5  0.957563  16
5051  0.958277  16
5051.5  0.958362  16
5052  0.958701  16
5052.5  0.959038  16
5053  0.959376  16
5053.5  0.959462  16
5054  0.960428  16
5054.5  0.96064  16
5055  0.960977  16
5055.5  0.961441  16
5056  0.961653  16
5056.5  0.962116  16
5057  0.962705  16
5057.5  0.963169  16
5058  0.963381  16
5058.5  0.964222  16
5059  0.964308  16
5059.5  0.964521  16
5060  0.964482  16
5060.5  0.964444  16
5061  0.964531  16
5061.5  0.964871  16
5062  0.964957  16
5062.5  0.965298  16
5063  0.965637  16
5063.5  0.965976  16
5064  0.966064  16
5064.5  0.966152  16
5065  0.966365  16
5065.5  0.966704  16
5066  0.966665  16
5066.5  0.967005  16
5067  0.96747  16
5067.5  0.968442  16
5068  0.968655  16
5068.5  0.969247  16
5069  0.969587  16
5069.5  0.970432  16
5070  0.970773  16
5070.5  0.971492  16
5071  0.971959  16
5071.5  0.972301  16
5072  0.973148  16
5072.5  0.973488  16
5073  0.973703  16
5073.5  0.973917  16
5074  0.975272  16
5074.5  0.975612  16
5075  0.975953  16
5075.5  0.976801  16
5076  0.97727  16
5076.5  0.978498  16
5077  0.979474  16
5077.5  0.979943  16
5078  0.980665  16
5078.5  0.981389  16
5079  0.981985  16
5079.5  0.982581  16
5080  0.983305  16
5080.5  0.983903  16
5081  0.984119  16
5081.5  0.985226  16
5082  0.985824  16
5082.5  0.986422  16
5083  0.987149  16
5083.5  0.987367  16
5084  0.98822  16
5084.5  0.987674  16
5085  0.988274  16
5085.5  0.988237  16
5086  0.989472  16
5086.5  0.989945  16
5087  0.990418  16
5087.5  0.990381  16
5088  0.990725  16
5088.5  0.991325  16
5089  0.992564  16
5089.5  0.992399  16
5090  0.993128  16
5090.5  0.99373  16
5091  0.994331  16
5091.5  0.994297  16
5092  0.994517  16
5092.5  0.995629  16
5093  0.995977  16
5093.5  0.996963  16
5094  0.997183  16
5094.5  0.997276  16
5095  0.997753  16
5095.5  0.999001  16
5096  0.999614  16
5096.5  1.00023  16
5097  1.00059  16
5097.5  1.00133  16
5098  1.00155  16
5098.5  1.0019  16
5099  1.00275  16
5099.5  1.00372  16
5100  1.00482  16
5100.5  1.00539  16
5101  1.00518  16
5101.5  1.00586  16
5102  1.00615  16
5102.5  1.00695  16
5103  1.00684  16
5103.5  1.00764  16
5104  1.0078  16
5104.5  1.00809  16
5105  1.00787  16
5105.5  1.00765  16
5106  1.00795  16
5106.5  1.00798  16
5107  1.00776  16
5107.5  1.00793  16
5108  1.00758  16
5108.5  1.00774  16
5109  1.00919  16
5109.5  1.0091  16
5110  1.00926  16
5110.5  1.00879  16
5111  1.00908  16
5111.5  1.00835  16
5112  1.00825  16
5112.5  1.00829  16
5113  1.00871  16
5113.5  1.00939  16
5114  1.00943  16
5114.5  1.00959  16
5115  1.00899  16
5115.5  1.00902  16
5116  1.00906  16
5116.5  1.00794  16
5117  1.00746  16
5117.5  1.00685  16
5118  1.00585  16
5118.5  1.00576  16
5119  1.00515  16
5119.5  1.00454  16
5120  1.00419  16
5120.5  1.00371  16
5121  1.0022  16
5121.5  1.00133  16
5122  1.00046  16
5122.5  0.999724  16
5123  0.998984  16
5123.5  0.997342  16
5124  0.996214  16
5124.5  0.995861  16
5125  0.994087  16
5125.5  0.9927  16
5126  0.991312  16
5126.5  0.990442  16
5127  0.990088  16
5127.5  0.989086  16
5128  0.988861  16
5128.5  0.987212  16
5129  0.98634  16
5129.5  0.984949  16
5130  0.983042  16
5130.5  0.981391  16
5131  0.979998  16
5131.5  0.979254  16
5132  0.977989  16
5132.5  0.976466  16
5133  0.974555  16
5133.5  0.972641  16
5134  0.971117  16
5134.5  0.969592  16
5135  0.9669  16
5135.5  0.964854  16
5136  0.962291  16
5136.5  0.959985  16
5137  0.958068  16
5137.5  0.95576  16
5138  0.953194  16
5138.5  0.950367  16
5139  0.948445  16
5139.5  0.945487  16
5140  0.942656  16
5140.5  0.940345  16
5141  0.937643  16
5141.5  0.934422  16
5142  0.931328  16
5142.5  0.927714  16
5143  0.924879  16
5143.5  0.921393  16
5144  0.917646  16
5144.5  0.913767  16
5145  0.910538  16
5145.5  0.906267  16
5146  0.902775  16
5146.5  0.899282  16
5147  0.894746  16
5147.5  0.890081  16
5148  0.886324  16
5148.5  0.881394  16
5149  0.877113  16
5149.5  0.873093  16
5150  0.868679  16
5150.5  0.863092  16
5151  0.858546  16
5151.5  0.853997  16
5152  0.849316  16
5152.5  0.843853  16
5153  0.837736  16
5153.5  0.832659  16
5154  0.827059  16
5154.5  0.821588  16
5155  0.815725  16
5155.5  0.81038  16
5156  0.804121  16
5156.5  0.798513  16
5157  0.792249  16
5157.5  0.786376  16
5158  0.779588  16
5158.5  0.773971  16
5159  0.767178  16
5159.5  0.760512  16
5160  0.752801  16
5160.5  0.746523  16
5161  0.740244  16
5161.5  0.73344  16
5162  0.726764  16
5162.5  0.719825  16
5163  0.713277  16
5163.5  0.706595  16
5164  0.69991  16
5164.5  0.692832  16
5165  0.686143  16
5165.5  0.678275  16
5166  0.67119  16
5166.5  0.66384  16
5167  0.656227  16
5167.5  0.649002  16
5168  0.642562  16
5168.5  0.635727  16
5169  0.628627  16
5169.5  0.621263  16
5170  0.613504  16
5170.5  0.605611  16
5171  0.597715  16
5171.5  0.589292  16
5172  0.581523  16
5172.5  0.573882  16
5173  0.566238  16
5173.5  0.55833  16
5174  0.550943  16
5174.5  0.543423  16
5175  0.535506  16
5175.5  0.527325  16
5176  0.519011  16
5176.5  0.511218  16
5177  0.503291  16
5177.5  0.495099  16
5178  0.487562  16
5178.5  0.479627  16
5179  0.472084  16
5179.5  0.464539  16
5180  0.456335  16
5180.5  0.448128  16
5181  0.439785  16
5181.5  0.432755  16
5182  0.425066  16
5182.5  0.41711  16
5183  0.409942  16
5183.5  0.402377  16
5184  0.395204  16
5184.5  0.387503  16
5185  0.380062  16
5185.5  0.372881  16
5186  0.365699  16
5186.5  0.358514  16
5187  0.351458  16
5187.5  0.344401  16
5188  0.337077  16
5188.5  0.33041  16
5189  0.323609  16
5189.5  0.316411  16
5190  0.309474  16
5190.5  0.302402  16
5191  0.295196  16
5191.5  0.288252  16
5192  0.28157  16
5192.5  0.274753  16
5193  0.268198  16
5193.5  0.261772  16
5194  0.255211  16
5194.5  0.249043  16
5195  0.242609  16
5195.5  0.236304  16
5196  0.230789  16
5196.5  0.224744  16
5197  0.218831  16
5197.5  0.213315  16
5198  0.207533  16
5198.5  0.202412  16
5199  0.197557  16
5199.5  0.192437  16
5200  0.186921  16
5200.5  0.181934  16
5201  0.177077  16
5201.5  0.172085  16
5202  0.167488  16
5202.5  0.16289  16
5203  0.158421  16
5203.5  0.153952  16
5204  0.149479  16
5204.5  0.145269  16
5205  0.140927  16
5205.5  0.136847  16
5206  0.132897  16
5206.5  0.128708  16
5207  0.124781  16
5207.5  0.121145  16
5208  0.117627  16
5208.5  0.114453  16
5209  0.110985  16
5209.5  0.107834  16
5210  0.104483  16
5210.5  0.10129  16
5211  0.0982411  16
5211.5  0.0952844  16
5212  0.0923263  16
5212.5  0.0895665  16
5213  0.0868986  16
5213.5  0.0843493  16
5214  0.0816392  16
5214.5  0.0792607  16
5215  0.0768146  16
5215.5  0.0744206  16
5216  0.0723453  16
5216.5  0.0700428  16
5217  0.067859  16
5217.5  0.0656744  16
5218  0.063702  16
5218.5  0.0619023  16
5219  0.0599417  16
5219.5  0.0582603  16
5220  0.0567116  16
5220.5  0.0549088  16
5221  0.0532252  16
5221.5  0.0516744  16
5222  0.0501497  16
5222.5  0.0486376  16
5223  0.0472987  16
5223.5  0.0460261  16
5224  0.0445254  16
5224.5  0.0430243  16
5225  0.0417498  16
5225.5  0.0405684  16
5226  0.0393597  16
5226.5  0.0380569  16
5227  0.0370478  16
5227.5  0.0358242  16
5228  0.0347072  16
5228.5  0.0337236  16
5229  0.0327397  16
5229.5  0.0317686  16
5230  0.030958  16
5230.5  0.0302543  16
5231  0.0292284  16
5231.5  0.0283764  16
5232  0.027779  16
5232.5  0.0270875  16
5233  0.0263687  16
5233.5  0.0256764  16
5234  0.0249302  16
5234.5  0.0242373  16
5235  0.0235308  16
5235.5  0.0229179  16
5236  0.022251  16
5236.5  0.021651  16
5237  0.0210913  16
5237.5  0.0203697  16
5238  0.0198228  16
5238.5  0.0192352  16
5239  0.0188223  16
5239.5  0.0183015  16
5240  0.0176594  16
5240.5  0.0171112  16
5241  0.0166032  16
5241.5  0.0162297  16
5242  0.0159368  16
5242.5  0.0156438  16
5243  0.0152428  16
5243.5  0.0147879  16
5244  0.0143596  16
5244.5  0.0140794  16
5245  0.0138127  16
5245.5  0.0136268  16
5246  0.0133436  16
5246.5  0.0129956  16
5247  0.0127108  16
5247.5  0.0124867  16
5248  0.0122004  16
5248.5  0.0119977  16
5249  0.0117111  16
5249.5  0.011342  16
5250  0.0110146  16
5250.5  0.0106465  16
5251  0.0104418  16
5261  0  16
# 847 ./Suprime.IB527 0 17
5043  0  17
5053  0.00967753  17
5053.5  0.00997123  17
5054  0.0102067  17
5054.5  0.0105308  17
5055  0.0108249  17
5055.5  0.0111795  17
5056  0.0115443  17
5056.5  0.0119092  17
5057  0.0121838  17
5057.5  0.0124786  17
5058  0.0128539  17
5058.5  0.0132094  17
5059  0.013545  17
5059.5  0.0138403  17
5060  0.0142164  17
5060.5  0.0145927  17
5061  0.0149892  17
5061.5  0.015376  17
5062  0.0159647  17
5062.5  0.016372  17
5063  0.0168198  17
5063.5  0.0172274  17
5064  0.0176959  17
5064.5  0.0180837  17
5065  0.0185627  17
5065.5  0.0191125  17
5066  0.0195615  17
5066.5  0.0200411  17
5067  0.0206827  17
5067.5  0.0213043  17
5068  0.0219869  17
5068.5  0.0225281  17
5069  0.0231405  17
5069.5  0.023743  17
5070  0.0242647  17
5070.5  0.0248271  17
5071  0.0254811  17
5071.5  0.0261353  17
5072  0.0268201  17
5072.5  0.0274749  17
5073  0.0281807  17
5073.5  0.0289983  17
5074  0.0297656  17
5074.5  0.0305332  17
5075  0.0310981  17
5075.5  0.0319069  17
5076  0.0326146  17
5076.5  0.0335155  17
5077  0.0343964  17
5077.5  0.0353184  17
5078  0.036119  17
5078.5  0.0370214  17
5079  0.0379955  17
5079.5  0.0388886  17
5080  0.0398228  17
5080.5  0.0409405  17
5081  0.0420181  17
5081.5  0.0431266  17
5082  0.0443374  17
5082.5  0.045447  17
5083  0.0466895  17
5083.5  0.0477185  17
5084  0.0488193  17
5084.5  0.049941  17
5085  0.0511753  17
5085.5  0.0523898  17
5086  0.0538291  17
5086.5  0.0551774  17
5087  0.0565771  17
5087.5  0.0580183  17
5088  0.0594193  17
5088.5  0.0610047  17
5089  0.0625296  17
5089.5  0.0639938  17
5090  0.0653667  17
5090.5  0.0669549  17
5091  0.06883  17
5091.5  0.0705934  17
5092  0.0724803  17
5092.5  0.0743476  17
5093  0.0761645  17
5093.5  0.0780949  17
5094  0.0799953  17
5094.5  0.0819171  17
5095  0.0838091  17
5095.5  0.0857945  17
5096  0.0879859  17
5096.5  0.0900554  17
5097  0.0921054  17
5097.5  0.0942381  17
5098  0.0966073  17
5098.5  0.0990079  17
5099  0.101234  17
5099.5  0.103522  17
5100  0.1058  17
5100.5  0.108283  17
5101  0.110868  17
5101.5  0.113453  17
5102  0.116039  17
5102.5  0.11883  17
5103  0.121519  17
5103.5  0.12421  17
5104  0.126798  17
5104.5  0.129593  17
5105  0.13239  17
5105.5  0.135393  17
5106  0.138396  17
5106.5  0.141402  17
5107  0.144613  17
5107.5  0.148032  17
5108  0.151657  17
5108.5  0.154872  17
5109  0.158191  17
5109.5  0.161819  17
5110  0.165449  17
5110.5  0.16908  17
5111  0.173021  17
5111.5  0.176861  17
5112  0.180805  17
5112.5  0.184956  17
5113  0.189108  17
5113.5  0.192849  17
5114  0.197315  17
5114.5  0.201677  17
5115  0.206041  17
5115.5  0.210509  17
5116  0.21467  17
5116.5  0.219348  17
5117  0.224027  17
5117.5  0.228605  17
5118  0.233288  17
5118.5  0.238179  17
5119  0.243071  17
5119.5  0.248068  17
5120  0.253273  17
5120.5  0.258376  17
5121  0.263378  17
5121.5  0.268795  17
5122  0.273697  17
5122.5  0.27922  17
5123  0.284747  17
5123.5  0.290274  17
5124  0.29601  17
5124.5  0.301644  17
5125  0.306866  17
5125.5  0.312712  17
5126  0.318662  17
5126.5  0.324718  17
5127  0.330776  17
5127.5  0.337043  17
5128  0.343622  17
5128.5  0.349686  17
5129  0.35627  17
5129.5  0.362752  17
5130  0.369444  17
5130.5  0.37562  17
5131  0.382419  17
5131.5  0.388806  17
5132  0.395506  17
5132.5  0.402415  17
5133  0.409431  17
5133.5  0.416449  17
5134  0.423365  17
5134.5  0.429764  17
5135  0.436375  17
5135.5  0.4434  17
5136  0.450222  17
5136.5  0.457565  17
5137  0.46491  17
5137.5  0.471634  17
5138  0.478984  17
5138.5  0.48592  17
5139  0.49286  17
5139.5  0.500112  17
5140  0.507264  17
5140.5  0.514209  17
5141  0.521782  17
5141.5  0.528836  17
5142  0.535892  17
5142.5  0.543576  17
5143  0.551262  17
5143.5  0.558012  17
5144  0.565183  17
5144.5  0.57225  17
5145  0.579113  17
5145.5  0.586706  17
5146  0.593678  17
5146.5  0.601275  17
5147  0.608355  17
5147.5  0.615646  17
5148  0.622731  17
5148.5  0.630025  17
5149  0.636802  17
5149.5  0.643997  17
5150  0.650882  17
5150.5  0.65756  17
5151  0.664659  17
5151.5  0.672072  17
5152  0.67834  17
5152.5  0.68513  17
5153  0.691923  17
5153.5  0.69851  17
5154  0.705098  17
5154.5  0.711585  17
5155  0.718491  17
5155.5  0.724772  17
5156  0.731369  17
5156.5  0.737446  17
5157  0.743419  17
5157.5  0.749605  17
5158  0.756001  17
5158.5  0.761981  17
5159  0.767335  17
5159.5  0.772587  17
5160  0.779304  17
5160.5  0.784977  17
5161  0.790862  17
5161.5  0.796749  17
5162  0.80201  17
5162.5  0.807481  17
5163  0.812326  17
5163.5  0.817487  17
5164  0.821497  17
5164.5  0.826137  17
5165  0.830778  17
5165.5  0.835422  17
5166  0.840066  17
5166.5  0.844608  17
5167  0.848311  17
5167.5  0.853169  17
5168  0.85719  17
5168.5  0.861213  17
5169  0.864712  17
5169.5  0.868106  17
5170  0.871292  17
5170.5  0.874793  17
5171  0.877877  17
5171.5  0.88159  17
5172  0.88541  17
5172.5  0.888391  17
5173  0.891688  17
5173.5  0.894039  17
5174  0.896393  17
5174.5  0.898746  17
5175  0.901836  17
5175.5  0.903877  17
5176  0.904654  17
5176.5  0.90701  17
5177  0.908736  17
5177.5  0.910357  17
5178  0.912821  17
5178.5  0.914653  17
5179  0.915961  17
5179.5  0.917163  17
5180  0.918681  17
5180.5  0.920199  17
5181  0.921297  17
5181.5  0.9225  17
5182  0.923386  17
5182.5  0.924274  17
5183  0.925056  17
5183.5  0.926366  17
5184  0.92852  17
5184.5  0.92867  17
5185  0.930719  17
5185.5  0.932347  17
5186  0.933343  17
5186.5  0.934022  17
5187  0.935229  17
5187.5  0.935697  17
5188  0.936693  17
5188.5  0.937901  17
5189  0.938898  17
5189.5  0.940106  17
5190  0.940998  17
5190.5  0.941785  17
5191  0.942148  17
5191.5  0.942724  17
5192  0.942769  17
5192.5  0.943557  17
5193  0.943285  17
5193.5  0.94312  17
5194  0.943373  17
5194.5  0.943726  17
5195  0.944393  17
5195.5  0.94527  17
5196  0.945194  17
5196.5  0.944908  17
5197  0.94526  17
5197.5  0.945406  17
5198  0.945878  17
5198.5  0.947099  17
5199  0.948013  17
5199.5  0.947669  17
5200  0.947763  17
5200.5  0.948287  17
5201  0.948493  17
5201.5  0.948911  17
5202  0.949329  17
5202.5  0.949322  17
5203  0.949741  17
5203.5  0.95016  17
5204  0.950897  17
5204.5  0.951527  17
5205  0.951734  17
5205.5  0.95141  17
5206  0.952042  17
5206.5  0.952142  17
5207  0.95288  17
5207.5  0.953513  17
5208  0.954039  17
5208.5  0.954353  17
5209  0.95456  17
5209.5  0.954873  17
5210  0.954866  17
5210.5  0.955392  17
5211  0.955599  17
5211.5  0.955273  17
5212  0.955374  17
5212.5  0.956114  17
5213  0.956854  17
5213.5  0.958128  17
5214  0.958655  17
5214.5  0.959076  17
5215  0.959284  17
5215.5  0.959919  17
5216  0.96034  17
5216.5  0.960656  17
5217  0.961504  17
5217.5  0.962354  17
5218  0.963631  17
5218.5  0.964266  17
5219  0.964368  17
5219.5  0.965646  17
5220  0.96639  17
5220.5  0.966919  17
5221  0.967022  17
5221.5  0.967231  17
5222  0.968188  17
5222.5  0.968397  17
5223  0.9685  17
5223.5  0.969138  17
5224  0.970419  17
5224.5  0.971807  17
5225  0.972338  17
5225.5  0.972869  17
5226  0.972758  17
5226.5  0.973504  17
5227  0.974572  17
5227.5  0.974355  17
5228  0.974994  17
5228.5  0.97542  17
5229  0.976276  17
5229.5  0.976379  17
5230  0.977021  17
5230.5  0.97777  17
5231  0.978734  17
5231.5  0.979484  17
5232  0.980018  17
5232.5  0.980122  17
5233  0.98141  17
5233.5  0.981623  17
5234  0.981944  17
5234.5  0.983017  17
5235  0.982585  17
5235.5  0.983659  17
5236  0.984302  17
5236.5  0.985485  17
5237  0.986237  17
5237.5  0.987205  17
5238  0.986987  17
5238.5  0.987201  17
5239  0.988169  17
5239.5  0.988166  17
5240  0.988272  17
5240.5  0.988917  17
5241  0.988483  17
5241.5  0.989236  17
5242  0.990637  17
5242.5  0.990311  17
5243  0.991713  17
5243.5  0.991819  17
5244  0.992358  17
5244.5  0.992247  17
5245  0.992461  17
5245.5  0.992892  17
5246  0.992998  17
5246.5  0.99332  17
5247  0.992345  17
5247.5  0.992559  17
5248  0.992881  17
5248.5  0.992878  17
5249  0.993309  17
5249.5  0.993307  17
5250  0.992655  17
5250.5  0.992978  17
5251  0.992651  17
5251.5  0.993515  17
5252  0.992862  17
5252.5  0.992751  17
5253  0.991771  17
5253.5  0.99101  17
5254  0.991766  17
5254.5  0.991111  17
5255  0.992085  17
5255.5  0.991974  17
5256  0.991753  17
5256.5  0.99175  17
5257  0.991421  17
5257.5  0.991307  17
5258  0.991305  17
5258.5  0.990647  17
5259  0.990317  17
5259.5  0.989442  17
5260  0.989655  17
5260.5  0.989216  17
5261  0.98932  17
5261.5  0.989968  17
5262  0.988657  17
5262.5  0.988652  17
5263  0.987883  17
5263.5  0.987442  17
5264  0.987  17
5264.5  0.986559  17
5265  0.985789  17
5265.5  0.985347  17
5266  0.985559  17
5266.5  0.985771  17
5267  0.98642  17
5267.5  0.985431  17
5268  0.985097  17
5268.5  0.984872  17
5269  0.985193  17
5269.5  0.984859  17
5270  0.985508  17
5270.5  0.985501  17
5271  0.986041  17
5271.5  0.986581  17
5272  0.986246  17
5272.5  0.986786  17
5273  0.986781  17
5273.5  0.986774  17
5274  0.986985  17
5274.5  0.987197  17
5275  0.986862  17
5275.5  0.988059  17
5276  0.987723  17
5276.5  0.988484  17
5277  0.988478  17
5277.5  0.987923  17
5278  0.987588  17
5278.5  0.988239  17
5279  0.987574  17
5279.5  0.987787  17
5280  0.987562  17
5280.5  0.987336  17
5281  0.987878  17
5281.5  0.987322  17
5282  0.986656  17
5282.5  0.985881  17
5283  0.985433  17
5283.5  0.984876  17
5284  0.985089  17
5284.5  0.984313  17
5285  0.984195  17
5285.5  0.983967  17
5286  0.983629  17
5286.5  0.9834  17
5287  0.983502  17
5287.5  0.983383  17
5288  0.983264  17
5288.5  0.982153  17
5289  0.981702  17
5289.5  0.982244  17
5290  0.983115  17
5290.5  0.983546  17
5291  0.983757  17
5291.5  0.983306  17
5292  0.982855  17
5292.5  0.982514  17
5293  0.982617  17
5293.5  0.982941  17
5294  0.983266  17
5294.5  0.983923  17
5295  0.983254  17
5295.5  0.982914  17
5296  0.983346  17
5296.5  0.984215  17
5297  0.984971  17
5297.5  0.985279  17
5298  0.98481  17
5298.5  0.985443  17
5299  0.986295  17
5299.5  0.986484  17
5300  0.988002  17
5300.5  0.989079  17
5301  0.989714  17
5301.5  0.99057  17
5302  0.991426  17
5302.5  0.992063  17
5303  0.993032  17
5303.5  0.994003  17
5304  0.99464  17
5304.5  0.995057  17
5305  0.99503  17
5305.5  0.996333  17
5306  0.997192  17
5306.5  0.997605  17
5307  0.998128  17
5307.5  0.998981  17
5308  0.998613  17
5308.5  0.999463  17
5309  0.999205  17
5309.5  0.999389  17
5310  1.00013  17
5310.5  1.0002  17
5311  1.00128  17
5311.5  1.00236  17
5312  1.00243  17
5312.5  1.00407  17
5313  1.00503  17
5313.5  1.00455  17
5314  1.00497  17
5314.5  1.0056  17
5315  1.00646  17
5315.5  1.00687  17
5316  1.00739  17
5316.5  1.0078  17
5317  1.00966  17
5317.5  1.00985  17
5318  1.01081  17
5318.5  1.01078  17
5319  1.01018  17
5319.5  1.00937  17
5320  1.01022  17
5320.5  1.01007  17
5321  1.00937  17
5321.5  1.00978  17
5322  1.00986  17
5322.5  1.00993  17
5323  1.00945  17
5323.5  1.00953  17
5324  1.00983  17
5324.5  1.00924  17
5325  1.00753  17
5325.5  1.0075  17
5326  1.00556  17
5326.5  1.00553  17
5327  1.00515  17
5327.5  1.00467  17
5328  1.00329  17
5328.5  1.00213  17
5329  1.00108  17
5329.5  0.999923  17
5330  0.998317  17
5330.5  0.997159  17
5331  0.995216  17
5331.5  0.99361  17
5332  0.991891  17
5332.5  0.991181  17
5333  0.990359  17
5333.5  0.988979  17
5334  0.987708  17
5334.5  0.98554  17
5335  0.983259  17
5335.5  0.98221  17
5336  0.980711  17
5336.5  0.978648  17
5337  0.977369  17
5337.5  0.974628  17
5338  0.972785  17
5338.5  0.969593  17
5339  0.967523  17
5339.5  0.965453  17
5340  0.963384  17
5340.5  0.960415  17
5341  0.957559  17
5341.5  0.954139  17
5342  0.951169  17
5342.5  0.948536  17
5343  0.946241  17
5343.5  0.942483  17
5344  0.938949  17
5344.5  0.935301  17
5345  0.931538  17
5345.5  0.928898  17
5346  0.92558  17
5346.5  0.922597  17
5347  0.919048  17
5347.5  0.91482  17
5348  0.911152  17
5348.5  0.90726  17
5349  0.903816  17
5349.5  0.900598  17
5350  0.897041  17
5350.5  0.893147  17
5351  0.889025  17
5351.5  0.885241  17
5352  0.881119  17
5352.5  0.877109  17
5353  0.872986  17
5353.5  0.868636  17
5354  0.864059  17
5354.5  0.859705  17
5355  0.855124  17
5355.5  0.851103  17
5356  0.846174  17
5356.5  0.841354  17
5357  0.835967  17
5357.5  0.830349  17
5358  0.824503  17
5358.5  0.818994  17
5359  0.813597  17
5359.5  0.807747  17
5360  0.802236  17
5360.5  0.796497  17
5361  0.790758  17
5361.5  0.78445  17
5362  0.778481  17
5362.5  0.771947  17
5363  0.765636  17
5363.5  0.758644  17
5364  0.751989  17
5364.5  0.745331  17
5365  0.738781  17
5365.5  0.732114  17
5366  0.72567  17
5366.5  0.718426  17
5367  0.712085  17
5367.5  0.705061  17
5368  0.698374  17
5368.5  0.691458  17
5369  0.68454  17
5369.5  0.677962  17
5370  0.670815  17
5370.5  0.663894  17
5371  0.656744  17
5371.5  0.650047  17
5372  0.643349  17
5372.5  0.635855  17
5373  0.628699  17
5373.5  0.62211  17
5374  0.61529  17
5374.5  0.608695  17
5375  0.600956  17
5375.5  0.593896  17
5376  0.587513  17
5376.5  0.580899  17
5377  0.573712  17
5377.5  0.566293  17
5378  0.559783  17
5378.5  0.552589  17
5379  0.545619  17
5379.5  0.538307  17
5380  0.530993  17
5380.5  0.524134  17
5381  0.517046  17
5381.5  0.509843  17
5382  0.502865  17
5382.5  0.495545  17
5383  0.488907  17
5383.5  0.482381  17
5384  0.474595  17
5384.5  0.467377  17
5385  0.460952  17
5385.5  0.454374  17
5386  0.447186  17
5386.5  0.440433  17
5387  0.434134  17
5387.5  0.427618  17
5388  0.421017  17
5388.5  0.414687  17
5389  0.408183  17
5389.5  0.401977  17
5390  0.395852  17
5390.5  0.390509  17
5391  0.384587  17
5391.5  0.378529  17
5392  0.372921  17
5392.5  0.367225  17
5393  0.361241  17
5393.5  0.35523  17
5394  0.349336  17
5394.5  0.343585  17
5395  0.337526  17
5395.5  0.332154  17
5396  0.326775  17
5396.5  0.321392  17
5397  0.316239  17
5397.5  0.310859  17
5398  0.305484  17
5398.5  0.300232  17
5399  0.295104  17
5399.5  0.290332  17
5400  0.285229  17
5400.5  0.280027  17
5401  0.275167  17
5401.5  0.270408  17
5402  0.265639  17
5402.5  0.260633  17
5403  0.256426  17
5403.5  0.251639  17
5404  0.247425  17
5404.5  0.243095  17
5405  0.238643  17
5405.5  0.234299  17
5406  0.230296  17
5406.5  0.226059  17
5407  0.221936  17
5407.5  0.217812  17
5408  0.213689  17
5408.5  0.209799  17
5409  0.205798  17
5409.5  0.202148  17
5410  0.198273  17
5410.5  0.194979  17
5411  0.191684  17
5411.5  0.188267  17
5412  0.18473  17
5412.5  0.181536  17
5413  0.178339  17
5413.5  0.175023  17
5414  0.171476  17
5414.5  0.168388  17
5415  0.165411  17
5415.5  0.162429  17
5416  0.159561  17
5416.5  0.156461  17
5417  0.153474  17
5417.5  0.150371  17
5418  0.147617  17
5418.5  0.144631  17
5419  0.141649  17
5419.5  0.138899  17
5420  0.136153  17
5420.5  0.133294  17
5421  0.130779  17
5421.5  0.128377  17
5422  0.126088  17
5422.5  0.123565  17
5423  0.120924  17
5423.5  0.118398  17
5424  0.115987  17
5424.5  0.113851  17
5425  0.111828  17
5425.5  0.109525  17
5426  0.107243  17
5426.5  0.105273  17
5427  0.103094  17
5427.5  0.100915  17
5428  0.0988875  17
5428.5  0.0967095  17
5429  0.0948807  17
5429.5  0.092705  17
5430  0.0905774  17
5430.5  0.0887646  17
5431  0.0868457  17
5431.5  0.0849596  17
5432  0.0831646  17
5432.5  0.0813218  17
5433  0.0792453  17
5433.5  0.0775746  17
5434  0.076147  17
5434.5  0.0743801  17
5435  0.0727979  17
5435.5  0.0712492  17
5436  0.0694437  17
5436.5  0.0679516  17
5437  0.06618  17
5437.5  0.0649667  17
5438  0.0635906  17
5438.5  0.0620636  17
5439  0.0606418  17
5439.5  0.0594302  17
5440  0.0581264  17
5440.5  0.0568231  17
5441  0.0557284  17
5441.5  0.054423  17
5442  0.0530699  17
5442.5  0.0518441  17
5443  0.0505944  17
5443.5  0.0493207  17
5444  0.0482326  17
5444.5  0.0471317  17
5445  0.0462516  17
5445.5  0.0450559  17
5446  0.0439646  17
5446.5  0.0430248  17
5447  0.0420147  17
5447.5  0.040911  17
5448  0.0398891  17
5448.5  0.0388908  17
5449  0.0379392  17
5449.5  0.036988  17
5450  0.0362241  17
5450.5  0.0353903  17
5451  0.0347078  17
5451.5  0.0339781  17
5452  0.0331659  17
5452.5  0.0322832  17
5453  0.0314349  17
5453.5  0.0306448  17
5454  0.0299242  17
5454.5  0.0292264  17
5455  0.0286806  17
5455.5  0.0279702  17
5456  0.027365  17
5456.5  0.0268535  17
5457  0.0261425  17
5457.5  0.0256659  17
5458  0.0249314  17
5458.5  0.0243258  17
5459  0.0236148  17
5459.5  0.0229741  17
5460  0.0224626  17
5460.5  0.0220684  17
5461  0.0215567  17
5461.5  0.0210797  17
5462  0.020579  17
5462.5  0.0200664  17
5463  0.0196238  17
5463.5  0.0191928  17
5464  0.018773  17
5464.5  0.0182472  17
5465  0.0178975  17
5465.5  0.0173947  17
5466  0.0168918  17
5466.5  0.0164122  17
5467  0.0160737  17
5467.5  0.015688  17
5468  0.0152553  17
5468.5  0.0147872  17
5469  0.0144015  17
5469.5  0.0140276  17
5470  0.0136537  17
5470.5  0.0132562  17
5471  0.0129174  17
5471.5  0.0125666  17
5472  0.0122745  17
5472.5  0.0118999  17
5473  0.0115615  17
5473.5  0.0112948  17
5474  0.0110444  17
5474.5  0.0108657  17
5475  0.0105255  17
5485  0  17
# 906 ./Suprime.IB574 0 18
5536  0  18
5546  0.00995713  18
5546.5  0.010788  18
5547  0.0111816  18
5547.5  0.0112381  18
5548  0.011632  18
5548.5  0.012017  18
5549  0.0124112  18
5549.5  0.0124681  18
5550  0.012525  18
5550.5  0.0129196  18
5551  0.0133144  18
5551.5  0.0133714  18
5552  0.0129812  18
5552.5  0.013376  18
5553  0.0133783  18
5553.5  0.0141569  18
5554  0.0153926  18
5554.5  0.0153951  18
5555  0.0158363  18
5555.5  0.0170728  18
5556  0.0175236  18
5556.5  0.0179654  18
5557  0.0179684  18
5557.5  0.0183099  18
5558  0.0190905  18
5558.5  0.0199904  18
5559  0.0204423  18
5559.5  0.0216722  18
5560  0.0229026  18
5560.5  0.0233553  18
5561  0.0245956  18
5561.5  0.0245999  18
5562  0.0241555  18
5562.5  0.0250484  18
5563  0.0250528  18
5563.5  0.0255061  18
5564  0.0259597  18
5564.5  0.0264134  18
5565  0.0273166  18
5565.5  0.0285502  18
5566  0.028555  18
5566.5  0.0285599  18
5567  0.0293446  18
5567.5  0.0301389  18
5568  0.0313739  18
5568.5  0.031829  18
5569  0.0326147  18
5569.5  0.0334099  18
5570  0.0346462  18
5570.5  0.0354328  18
5571  0.0362289  18
5571.5  0.0374665  18
5572  0.0386493  18
5572.5  0.0398326  18
5573  0.0410255  18
5573.5  0.0422097  18
5574  0.0441761  18
5574.5  0.0457016  18
5575  0.046556  18
5575.5  0.0474015  18
5576  0.0481461  18
5576.5  0.0501153  18
5577  0.0509709  18
5577.5  0.0521584  18
5578  0.0533462  18
5578.5  0.0545344  18
5579  0.0569666  18
5579.5  0.0581556  18
5580  0.0589486  18
5580.5  0.0602029  18
5581  0.0617896  18
5581.5  0.0626945  18
5582  0.0643928  18
5582.5  0.0656491  18
5583  0.0681329  18
5583.5  0.0701747  18
5584  0.0718757  18
5584.5  0.0735773  18
5585  0.0764059  18
5585.5  0.078109  18
5586  0.0801543  18
5586.5  0.0831055  18
5587  0.0843577  18
5587.5  0.086405  18
5588  0.0892384  18
5588.5  0.0920727  18
5589  0.0942053  18
5589.5  0.0975497  18
5590  0.100063  18
5590.5  0.102947  18
5591  0.104259  18
5591.5  0.107145  18
5592  0.110958  18
5592.5  0.113754  18
5593  0.116735  18
5593.5  0.119996  18
5594  0.123351  18
5594.5  0.12541  18
5595  0.1296  18
5595.5  0.133329  18
5596  0.137058  18
5596.5  0.140047  18
5597  0.143409  18
5597.5  0.146679  18
5598  0.149949  18
5598.5  0.153777  18
5599  0.158626  18
5599.5  0.163199  18
5600  0.166938  18
5600.5  0.171513  18
5601  0.176555  18
5601.5  0.181133  18
5602  0.185343  18
5602.5  0.19039  18
5603  0.194509  18
5603.5  0.198537  18
5604  0.202752  18
5604.5  0.208085  18
5605  0.214254  18
5605.5  0.219218  18
5606  0.22502  18
5606.5  0.230825  18
5607  0.237002  18
5607.5  0.241508  18
5608  0.24648  18
5608.5  0.250615  18
5609  0.255032  18
5609.5  0.261683  18
5610  0.267872  18
5610.5  0.274062  18
5611  0.280722  18
5611.5  0.286916  18
5612  0.293114  18
5612.5  0.299314  18
5613  0.30505  18
5613.5  0.311347  18
5614  0.316808  18
5614.5  0.323017  18
5615  0.328015  18
5615.5  0.335066  18
5616  0.342121  18
5616.5  0.349177  18
5617  0.355862  18
5617.5  0.362176  18
5618  0.368865  18
5618.5  0.375182  18
5619  0.381782  18
5619.5  0.389317  18
5620  0.396108  18
5620.5  0.404209  18
5621  0.411285  18
5621.5  0.419206  18
5622  0.429279  18
5622.5  0.435989  18
5623  0.444386  18
5623.5  0.452785  18
5624  0.460345  18
5624.5  0.469218  18
5625  0.476315  18
5625.5  0.483415  18
5626  0.491266  18
5626.5  0.498838  18
5627  0.505664  18
5627.5  0.51399  18
5628  0.522881  18
5628.5  0.530462  18
5629  0.53842  18
5629.5  0.545632  18
5630  0.552002  18
5630.5  0.560343  18
5631  0.568031  18
5631.5  0.574879  18
5632  0.582573  18
5632.5  0.590645  18
5633  0.60041  18
5633.5  0.608958  18
5634  0.616194  18
5634.5  0.625029  18
5635  0.631519  18
5635.5  0.638294  18
5636  0.64554  18
5636.5  0.65185  18
5637  0.657784  18
5637.5  0.665037  18
5638  0.670129  18
5638.5  0.677009  18
5639  0.684173  18
5639.5  0.6888  18
5640  0.694651  18
5640.5  0.699565  18
5641  0.704668  18
5641.5  0.709868  18
5642  0.716291  18
5642.5  0.721495  18
5643  0.727453  18
5643.5  0.73313  18
5644  0.737962  18
5644.5  0.744021  18
5645  0.750552  18
5645.5  0.757085  18
5646  0.763715  18
5646.5  0.769874  18
5647  0.772548  18
5647.5  0.780031  18
5648  0.785347  18
5648.5  0.790664  18
5649  0.794191  18
5649.5  0.798568  18
5650  0.803607  18
5650.5  0.807704  18
5651  0.813031  18
5651.5  0.817132  18
5652  0.82199  18
5652.5  0.825339  18
5653  0.828689  18
5653.5  0.831379  18
5654  0.834164  18
5654.5  0.836005  18
5655  0.840305  18
5655.5  0.842715  18
5656  0.846827  18
5656.5  0.850563  18
5657  0.853447  18
5657.5  0.857184  18
5658  0.860449  18
5658.5  0.862862  18
5659  0.865276  18
5659.5  0.868164  18
5660  0.87096  18
5660.5  0.872525  18
5661  0.874849  18
5661.5  0.876416  18
5662  0.877889  18
5662.5  0.879931  18
5663  0.880838  18
5663.5  0.881839  18
5664  0.881513  18
5664.5  0.881093  18
5665  0.884276  18
5665.5  0.886036  18
5666  0.884288  18
5666.5  0.883867  18
5667  0.883445  18
5667.5  0.883022  18
5668  0.880131  18
5668.5  0.880847  18
5669  0.882512  18
5669.5  0.882943  18
5670  0.884611  18
5670.5  0.884473  18
5671  0.886616  18
5671.5  0.888759  18
5672  0.887862  18
5672.5  0.889152  18
5673  0.887399  18
5673.5  0.886501  18
5674  0.888266  18
5674.5  0.890413  18
5675  0.89256  18
5675.5  0.893375  18
5676  0.895904  18
5676.5  0.896719  18
5677  0.895058  18
5677.5  0.895016  18
5678  0.89364  18
5678.5  0.895788  18
5679  0.894126  18
5679.5  0.892368  18
5680  0.894612  18
5680.5  0.894665  18
5681  0.895576  18
5681.5  0.894676  18
5682  0.893966  18
5682.5  0.895737  18
5683  0.895315  18
5683.5  0.893651  18
5684  0.8938  18
5684.5  0.893186  18
5685  0.893621  18
5685.5  0.892529  18
5686  0.892679  18
5686.5  0.89149  18
5687  0.892403  18
5687.5  0.890546  18
5688  0.891364  18
5688.5  0.89113  18
5689  0.890323  18
5689.5  0.89095  18
5690  0.89062  18
5690.5  0.888951  18
5691  0.889099  18
5691.5  0.889725  18
5692  0.890352  18
5692.5  0.890978  18
5693  0.891221  18
5693.5  0.891943  18
5694  0.89238  18
5694.5  0.892719  18
5695  0.894016  18
5695.5  0.895698  18
5696  0.894505  18
5696.5  0.894558  18
5697  0.896432  18
5697.5  0.896197  18
5698  0.897304  18
5698.5  0.896207  18
5699  0.894342  18
5699.5  0.895353  18
5700  0.893104  18
5700.5  0.892964  18
5701  0.892441  18
5701.5  0.892397  18
5702  0.893122  18
5702.5  0.893462  18
5703  0.892361  18
5703.5  0.892989  18
5704  0.891119  18
5704.5  0.892804  18
5705  0.890837  18
5705.5  0.890023  18
5706  0.890651  18
5706.5  0.890894  18
5707  0.893445  18
5707.5  0.892824  18
5708  0.893934  18
5708.5  0.895333  18
5709  0.895674  18
5709.5  0.896689  18
5710  0.897512  18
5710.5  0.897278  18
5711  0.897813  18
5711.5  0.8996  18
5712  0.902158  18
5712.5  0.900285  18
5713  0.903036  18
5713.5  0.906656  18
5714  0.90671  18
5714.5  0.906378  18
5715  0.905082  18
5715.5  0.9061  18
5716  0.907601  18
5716.5  0.907461  18
5717  0.909831  18
5717.5  0.910754  18
5718  0.910422  18
5718.5  0.91009  18
5719  0.912558  18
5719.5  0.914062  18
5720  0.913345  18
5720.5  0.91572  18
5721  0.914906  18
5721.5  0.915154  18
5722  0.917239  18
5722.5  0.919035  18
5723  0.920155  18
5723.5  0.921564  18
5724  0.923361  18
5724.5  0.92303  18
5725  0.923085  18
5725.5  0.922174  18
5726  0.923294  18
5726.5  0.924802  18
5727  0.925341  18
5727.5  0.924525  18
5728  0.925259  18
5728.5  0.924636  18
5729  0.924401  18
5729.5  0.924649  18
5730  0.924995  18
5730.5  0.924856  18
5731  0.925493  18
5731.5  0.924386  18
5732  0.924344  18
5732.5  0.924399  18
5733  0.923582  18
5733.5  0.925191  18
5734  0.924568  18
5734.5  0.92278  18
5735  0.920604  18
5735.5  0.919785  18
5736  0.9212  18
5736.5  0.920867  18
5737  0.922378  18
5737.5  0.919714  18
5738  0.918505  18
5738.5  0.918754  18
5739  0.920265  18
5739.5  0.921972  18
5740  0.922998  18
5740.5  0.924122  18
5741  0.924274  18
5741.5  0.923455  18
5742  0.922927  18
5742.5  0.923665  18
5743  0.92411  18
5743.5  0.922415  18
5744  0.920914  18
5744.5  0.922139  18
5745  0.921222  18
5745.5  0.922447  18
5746  0.923672  18
5746.5  0.923632  18
5747  0.920472  18
5747.5  0.917604  18
5748  0.915416  18
5748.5  0.914008  18
5749  0.914744  18
5749.5  0.914602  18
5750  0.915436  18
5750.5  0.914904  18
5751  0.915348  18
5751.5  0.916183  18
5752  0.916627  18
5752.5  0.914728  18
5753  0.91234  18
5753.5  0.912784  18
5754  0.909711  18
5754.5  0.90908  18
5755  0.913041  18
5755.5  0.912996  18
5756  0.912951  18
5756.5  0.912905  18
5757  0.911589  18
5757.5  0.911054  18
5758  0.912084  18
5758.5  0.913016  18
5759  0.910329  18
5759.5  0.911358  18
5760  0.910529  18
5760.5  0.911658  18
5761  0.91308  18
5761.5  0.913133  18
5762  0.913284  18
5762.5  0.912552  18
5763  0.910156  18
5763.5  0.91158  18
5764  0.911829  18
5764.5  0.912077  18
5765  0.912717  18
5765.5  0.912868  18
5766  0.910763  18
5766.5  0.909148  18
5767  0.911063  18
5767.5  0.910722  18
5768  0.910577  18
5768.5  0.910726  18
5769  0.912052  18
5769.5  0.910534  18
5770  0.911468  18
5770.5  0.913483  18
5771  0.91275  18
5771.5  0.912409  18
5772  0.910791  18
5772.5  0.909958  18
5773  0.909026  18
5773.5  0.907012  18
5774  0.907458  18
5774.5  0.907607  18
5775  0.906281  18
5775.5  0.904856  18
5776  0.90589  18
5776.5  0.906039  18
5777  0.905794  18
5777.5  0.90673  18
5778  0.908454  18
5778.5  0.906436  18
5779  0.907373  18
5779.5  0.906044  18
5780  0.907473  18
5780.5  0.909397  18
5781  0.909842  18
5781.5  0.911766  18
5782  0.912804  18
5782.5  0.913546  18
5783  0.916458  18
5783.5  0.917595  18
5784  0.91824  18
5784.5  0.917504  18
5785  0.91953  18
5785.5  0.91978  18
5786  0.918154  18
5786.5  0.920181  18
5787  0.922109  18
5787.5  0.922656  18
5788  0.923202  18
5788.5  0.923651  18
5789  0.924593  18
5789.5  0.926721  18
5790  0.926873  18
5790.5  0.929991  18
5791  0.931231  18
5791.5  0.934451  18
5792  0.936088  18
5792.5  0.937626  18
5793  0.936891  18
5793.5  0.939815  18
5794  0.940266  18
5794.5  0.940519  18
5795  0.939486  18
5795.5  0.939739  18
5796  0.940685  18
5796.5  0.94183  18
5797  0.943272  18
5797.5  0.943426  18
5798  0.943482  18
5798.5  0.941752  18
5799  0.94151  18
5799.5  0.93978  18
5800  0.938942  18
5800.5  0.940484  18
5801  0.94024  18
5801.5  0.938905  18
5802  0.940547  18
5802.5  0.940204  18
5803  0.941151  18
5803.5  0.943589  18
5804  0.943146  18
5804.5  0.942803  18
5805  0.942658  18
5805.5  0.943904  18
5806  0.944753  18
5806.5  0.948783  18
5807  0.947247  18
5807.5  0.948096  18
5808  0.950139  18
5808.5  0.951487  18
5809  0.952039  18
5809.5  0.952592  18
5810  0.953145  18
5810.5  0.955689  18
5811  0.95684  18
5811.5  0.957992  18
5812  0.958845  18
5812.5  0.959201  18
5813  0.960254  18
5813.5  0.960809  18
5814  0.962958  18
5814.5  0.961621  18
5815  0.963272  18
5815.5  0.963828  18
5816  0.963088  18
5816.5  0.963545  18
5817  0.965696  18
5817.5  0.965753  18
5818  0.968703  18
5818.5  0.968861  18
5819  0.969518  18
5819.5  0.970475  18
5820  0.97153  18
5820.5  0.975083  18
5821  0.97574  18
5821.5  0.975998  18
5822  0.978754  18
5822.5  0.978513  18
5823  0.978872  18
5823.5  0.981628  18
5824  0.983387  18
5824.5  0.982946  18
5825  0.983306  18
5825.5  0.986565  18
5826  0.984225  18
5826.5  0.984685  18
5827  0.986545  18
5827.5  0.985304  18
5828  0.986465  18
5828.5  0.985523  18
5829  0.986084  18
5829.5  0.987045  18
5830  0.987205  18
5830.5  0.988767  18
5831  0.991633  18
5831.5  0.991192  18
5832  0.993758  18
5832.5  0.993518  18
5833  0.994982  18
5833.5  0.995545  18
5834  0.997612  18
5834.5  1.00018  18
5835  1.00375  18
5835.5  1.00612  18
5836  1.00669  18
5836.5  1.00815  18
5837  1.00792  18
5837.5  1.01039  18
5838  1.01115  18
5838.5  1.01162  18
5839  1.01289  18
5839.5  1.01295  18
5840  1.01181  18
5840.5  1.01298  18
5841  1.01284  18
5841.5  1.0117  18
5842  1.01267  18
5842.5  1.01213  18
5843  1.00968  18
5843.5  1.00974  18
5844  1.01211  18
5844.5  1.01117  18
5845  1.01254  18
5845.5  1.01099  18
5846  1.00824  18
5846.5  1.00729  18
5847  1.00575  18
5847.5  1.00651  18
5848  1.00597  18
5848.5  1.00633  18
5849  1.00609  18
5849.5  1.00606  18
5850  1.0041  18
5850.5  1.00326  18
5851  1.00191  18
5851.5  1.00096  18
5852  0.999005  18
5852.5  0.998763  18
5853  0.997311  18
5853.5  0.995859  18
5854  0.994204  18
5854.5  0.991741  18
5855  0.990085  18
5855.5  0.988327  18
5856  0.986367  18
5856.5  0.984507  18
5857  0.982849  18
5857.5  0.980077  18
5858  0.977205  18
5858.5  0.974431  18
5859  0.969637  18
5859.5  0.966861  18
5860  0.964186  18
5860.5  0.962016  18
5861  0.959137  18
5861.5  0.955042  18
5862  0.954791  18
5862.5  0.953933  18
5863  0.95014  18
5863.5  0.946953  18
5864  0.94427  18
5864.5  0.940574  18
5865  0.937283  18
5865.5  0.933077  18
5866  0.929884  18
5866.5  0.928109  18
5867  0.926434  18
5867.5  0.923238  18
5868  0.917507  18
5868.5  0.91147  18
5869  0.909284  18
5869.5  0.905577  18
5870  0.89994  18
5870.5  0.894404  18
5871  0.890794  18
5871.5  0.88566  18
5872  0.880525  18
5872.5  0.875895  18
5873  0.871264  18
5873.5  0.86663  18
5874  0.861082  18
5874.5  0.854007  18
5875  0.848455  18
5875.5  0.842799  18
5876  0.838361  18
5876.5  0.834328  18
5877  0.826226  18
5877.5  0.821174  18
5878  0.816119  18
5878.5  0.811367  18
5879  0.806208  18
5879.5  0.800537  18
5880  0.795474  18
5880.5  0.789292  18
5881  0.782598  18
5881.5  0.777022  18
5882  0.77175  18
5882.5  0.764643  18
5883  0.757126  18
5883.5  0.750523  18
5884  0.743614  18
5884.5  0.7366  18
5885  0.72999  18
5885.5  0.72185  18
5886  0.714421  18
5886.5  0.708315  18
5887  0.700269  18
5887.5  0.692221  18
5888  0.683558  18
5888.5  0.676421  18
5889  0.667957  18
5889.5  0.660816  18
5890  0.653264  18
5890.5  0.647141  18
5891  0.64081  18
5891.5  0.632741  18
5892  0.624975  18
5892.5  0.616696  18
5893  0.608108  18
5893.5  0.600028  18
5894  0.590821  18
5894.5  0.581303  18
5895  0.57209  18
5895.5  0.563488  18
5896  0.555291  18
5896.5  0.547297  18
5897  0.539505  18
5897.5  0.53171  18
5898  0.522684  18
5898.5  0.513656  18
5899  0.504624  18
5899.5  0.497946  18
5900  0.491368  18
5900.5  0.482328  18
5901  0.475131  18
5901.5  0.467521  18
5902  0.461447  18
5902.5  0.453217  18
5903  0.446523  18
5903.5  0.440032  18
5904  0.432821  18
5904.5  0.424583  18
5905  0.416648  18
5905.5  0.409328  18
5906  0.403133  18
5906.5  0.396629  18
5907  0.390841  18
5907.5  0.381765  18
5908  0.373303  18
5908.5  0.367406  18
5909  0.361815  18
5909.5  0.356222  18
5910  0.348778  18
5910.5  0.342769  18
5911  0.336142  18
5911.5  0.331056  18
5912  0.32607  18
5912.5  0.319643  18
5913  0.313111  18
5913.5  0.306885  18
5914  0.300452  18
5914.5  0.293811  18
5915  0.287373  18
5915.5  0.283198  18
5916  0.277786  18
5916.5  0.27155  18
5917  0.265516  18
5917.5  0.259378  18
5918  0.25468  18
5918.5  0.24998  18
5919  0.245486  18
5919.5  0.238722  18
5920  0.232059  18
5920.5  0.227972  18
5921  0.224296  18
5921.5  0.219175  18
5922  0.215084  18
5922.5  0.210992  18
5923  0.206485  18
5923.5  0.201978  18
5924  0.198191  18
5924.5  0.196055  18
5925  0.192473  18
5925.5  0.189301  18
5926  0.184684  18
5926.5  0.180581  18
5927  0.176477  18
5927.5  0.173819  18
5928  0.170539  18
5928.5  0.16788  18
5929  0.165115  18
5929.5  0.162969  18
5930  0.159582  18
5930.5  0.156919  18
5931  0.154565  18
5931.5  0.151692  18
5932  0.148405  18
5932.5  0.144185  18
5933  0.140274  18
5933.5  0.136466  18
5934  0.134624  18
5934.5  0.131745  18
5935  0.129695  18
5935.5  0.127333  18
5936  0.126005  18
5936.5  0.122606  18
5937  0.11962  18
5937.5  0.116529  18
5938  0.11468  18
5938.5  0.113144  18
5939  0.110672  18
5939.5  0.108304  18
5940  0.106246  18
5940.5  0.103752  18
5941  0.101734  18
5941.5  0.100744  18
5942  0.0987247  18
5942.5  0.0967156  18
5943  0.0941969  18
5943.5  0.0921864  18
5944  0.0896558  18
5944.5  0.0886622  18
5945  0.0871486  18
5945.5  0.0847512  18
5946  0.0827376  18
5946.5  0.080089  18
5947  0.0790827  18
5947.5  0.0775664  18
5948  0.0755503  18
5948.5  0.0750526  18
5949  0.074565  18
5949.5  0.0724122  18
5950  0.0703941  18
5950.5  0.068875  18
5951  0.0678761  18
5951.5  0.0663562  18
5952  0.0648461  18
5952.5  0.0633253  18
5953  0.0623143  18
5953.5  0.0616887  18
5954  0.060177  18
5954.5  0.0586543  18
5955  0.0571415  18
5955.5  0.055618  18
5956  0.0546153  18
5956.5  0.0527153  18
5957  0.0511902  18
5957.5  0.0503115  18
5958  0.0503196  18
5958.5  0.04943  18
5959  0.0484254  18
5959.5  0.0470237  18
5960  0.0465299  18
5960.5  0.0451274  18
5961  0.043735  18
5961.5  0.0422166  18
5962  0.0422234  18
5962.5  0.0422301  18
5963  0.041338  18
5963.5  0.0413446  18
5964  0.0409643  18
5964.5  0.0398311  18
5965  0.0394504  18
5965.5  0.0388186  18
5966  0.0372869  18
5966.5  0.0357651  18
5967  0.0353835  18
5967.5  0.0347507  18
5968  0.0332279  18
5968.5  0.0320814  18
5969  0.0309346  18
5969.5  0.0309395  18
5970  0.0294149  18
5970.5  0.0278795  18
5971  0.0272447  18
5971.5  0.0260962  18
5972  0.0249473  18
5972.5  0.0249513  18
5973  0.0238123  18
5973.5  0.0238161  18
5974  0.0229178  18
5974.5  0.0233096  18
5975  0.0226732  18
5975.5  0.0221627  18
5976  0.0221662  18
5976.5  0.0221697  18
5977  0.0217847  18
5977.5  0.0208957  18
5978  0.020899  18
5978.5  0.0205136  18
5979  0.0200022  18
5979.5  0.0200054  18
5980  0.0196302  18
5980.5  0.0192444  18
5981  0.018354  18
5981.5  0.0174528  18
5982  0.0178447  18
5982.5  0.0174584  18
5983  0.0169457  18
5983.5  0.0160541  18
5984  0.0160566  18
5984.5  0.0156699  18
5985  0.0160616  18
5985.5  0.0160641  18
5986  0.0160666  18
5986.5  0.0155533  18
5987  0.0155557  18
5987.5  0.0151684  18
5988  0.0151708  18
5988.5  0.0155632  18
5989  0.0160821  18
5989.5  0.0155684  18
5990  0.015181  18
5990.5  0.0151836  18
5991  0.0142899  18
5991.5  0.0148093  18
5992  0.0139046  18
5992.5  0.0139071  18
5993  0.0139095  18
5993.5  0.013912  18
5994  0.0130171  18
5994.5  0.0130194  18
5995  0.0121135  18
5995.5  0.0116086  18
5996  0.0110929  18
5996.5  0.0107039  18
5997  0.0101922  18
5997.5  0.0107077  18
6007.5  0  18
# 1025 ./Suprime.IB624 0 19
5974  0  19
5984  0.00965278  19
5984.5  0.00974314  19
5985  0.0100093  19
5985.5  0.0103722  19
5986  0.0104813  19
5986.5  0.0107467  19
5987  0.011022  19
5987.5  0.0112876  19
5988  0.0113969  19
5988.5  0.0114672  19
5989  0.0117429  19
5989.5  0.0120089  19
5990  0.0122848  19
5990.5  0.0125511  19
5991  0.0130915  19
5991.5  0.0130938  19
5992  0.0132625  19
5992.5  0.0138033  19
5993  0.0140701  19
5993.5  0.0139844  19
5994  0.0141534  19
5994.5  0.0144204  19
5995  0.0147855  19
5995.5  0.0148959  19
5996  0.0151632  19
5996.5  0.0155286  19
5997  0.015796  19
5997.5  0.0162696  19
5998  0.0163706  19
5998.5  0.0165401  19
5999  0.0167393  19
5999.5  0.0171741  19
6000  0.0174519  19
6000.5  0.0175238  19
6001  0.0176054  19
6001.5  0.0178737  19
6002  0.0184367  19
6002.5  0.0188132  19
6003  0.0191014  19
6003.5  0.0194486  19
6004  0.0199041  19
6004.5  0.0202614  19
6005  0.0205502  19
6005.5  0.0208097  19
6006  0.0213448  19
6006.5  0.0216343  19
6007  0.0220913  19
6007.5  0.0226469  19
6008  0.0232029  19
6008.5  0.0238773  19
6009  0.0244338  19
6009.5  0.0250004  19
6010  0.0253504  19
6010.5  0.0256217  19
6011  0.0261691  19
6011.5  0.0266279  19
6012  0.0271856  19
6012.5  0.0277336  19
6013  0.0284594  19
6013.5  0.0290079  19
6014  0.0297737  19
6014.5  0.0307669  19
6015  0.031336  19
6015.5  0.0318262  19
6016  0.0323859  19
6016.5  0.0328469  19
6017  0.0336046  19
6017.5  0.0346986  19
6018  0.0353582  19
6018.5  0.0363542  19
6019  0.0368165  19
6019.5  0.0378231  19
6020  0.0382859  19
6020.5  0.039224  19
6021  0.0398852  19
6021.5  0.040725  19
6022  0.0415353  19
6022.5  0.0420984  19
6023  0.0428302  19
6023.5  0.0436613  19
6024  0.0445621  19
6024.5  0.045384  19
6025  0.0462259  19
6025.5  0.0468006  19
6026  0.0481788  19
6026.5  0.0490219  19
6027  0.050411  19
6027.5  0.0511756  19
6028  0.0522977  19
6028.5  0.0531224  19
6029  0.0541363  19
6029.5  0.055349  19
6030  0.0563736  19
6030.5  0.0575477  19
6031  0.0588315  19
6031.5  0.0604737  19
6032  0.0618679  19
6032.5  0.0630739  19
6033  0.0644494  19
6033.5  0.066104  19
6034  0.0675603  19
6034.5  0.0690171  19
6035  0.070584  19
6035.5  0.0725101  19
6036  0.0743373  19
6036.5  0.075986  19
6037  0.0780836  19
6037.5  0.0800226  19
6038  0.0818429  19
6038.5  0.0838733  19
6039  0.0857848  19
6039.5  0.0878167  19
6040  0.0898295  19
6040.5  0.0920228  19
6041  0.0939176  19
6041.5  0.0958331  19
6042  0.0975198  19
6042.5  0.100146  19
6043  0.102563  19
6043.5  0.104781  19
6044  0.107001  19
6044.5  0.109421  19
6045  0.111642  19
6045.5  0.114164  19
6046  0.117188  19
6046.5  0.119912  19
6047  0.122636  19
6047.5  0.124662  19
6048  0.12789  19
6048.5  0.13102  19
6049  0.13435  19
6049.5  0.137982  19
6050  0.141416  19
6050.5  0.143649  19
6051  0.146484  19
6051.5  0.14962  19
6052  0.15326  19
6052.5  0.157  19
6053  0.160642  19
6053.5  0.164286  19
6054  0.167629  19
6054.5  0.171477  19
6055  0.175125  19
6055.5  0.179476  19
6056  0.183027  19
6056.5  0.187282  19
6057  0.190634  19
6057.5  0.194591  19
6058  0.19865  19
6058.5  0.203414  19
6059  0.207979  19
6059.5  0.213149  19
6060  0.217617  19
6060.5  0.222691  19
6061  0.227565  19
6061.5  0.232541  19
6062  0.237521  19
6062.5  0.241898  19
6063  0.247384  19
6063.5  0.252067  19
6064  0.257558  19
6064.5  0.262546  19
6065  0.268646  19
6065.5  0.274144  19
6066  0.280046  19
6066.5  0.285851  19
6067  0.291658  19
6067.5  0.297163  19
6068  0.303077  19
6068.5  0.309294  19
6069  0.315009  19
6069.5  0.321232  19
6070  0.327456  19
6070.5  0.33419  19
6071  0.340015  19
6071.5  0.346652  19
6072  0.352888  19
6072.5  0.358722  19
6073  0.364861  19
6073.5  0.3708  19
6074  0.377348  19
6074.5  0.383899  19
6075  0.390047  19
6075.5  0.396198  19
6076  0.402756  19
6076.5  0.408001  19
6077  0.415071  19
6077.5  0.42194  19
6078  0.42861  19
6078.5  0.435183  19
6079  0.442466  19
6079.5  0.449347  19
6080  0.456738  19
6080.5  0.46393  19
6081  0.470718  19
6081.5  0.478118  19
6082  0.485115  19
6082.5  0.492521  19
6083  0.500741  19
6083.5  0.50795  19
6084  0.515264  19
6084.5  0.52268  19
6085  0.52868  19
6085.5  0.534375  19
6086  0.54109  19
6086.5  0.547909  19
6087  0.554832  19
6087.5  0.561759  19
6088  0.568586  19
6088.5  0.576433  19
6089  0.58408  19
6089.5  0.591528  19
6090  0.598366  19
6090.5  0.604191  19
6091  0.610221  19
6091.5  0.616763  19
6092  0.624021  19
6092.5  0.630975  19
6093  0.638951  19
6093.5  0.646826  19
6094  0.653888  19
6094.5  0.661361  19
6095  0.668122  19
6095.5  0.673867  19
6096  0.679716  19
6096.5  0.685669  19
6097  0.691319  19
6097.5  0.697584  19
6098  0.703851  19
6098.5  0.710325  19
6099  0.716392  19
6099.5  0.722769  19
6100  0.728535  19
6100.5  0.734713  19
6101  0.739872  19
6101.5  0.745544  19
6102  0.751831  19
6102.5  0.756788  19
6103  0.761538  19
6103.5  0.768848  19
6104  0.775136  19
6104.5  0.7803  19
6105  0.785672  19
6105.5  0.789715  19
6106  0.793963  19
6106.5  0.800263  19
6107  0.805028  19
6107.5  0.810615  19
6108  0.815179  19
6108.5  0.819745  19
6109  0.824518  19
6109.5  0.828983  19
6110  0.832837  19
6110.5  0.836383  19
6111  0.841471  19
6111.5  0.845226  19
6112  0.848982  19
6112.5  0.852328  19
6113  0.855983  19
6113.5  0.860461  19
6114  0.865352  19
6114.5  0.868292  19
6115  0.872674  19
6115.5  0.876336  19
6116  0.879178  19
6116.5  0.882636  19
6117  0.885275  19
6117.5  0.8874  19
6118  0.890039  19
6118.5  0.89268  19
6119  0.894395  19
6119.5  0.895597  19
6120  0.897931  19
6120.5  0.900472  19
6121  0.903634  19
6121.5  0.905044  19
6122  0.906659  19
6122.5  0.907039  19
6123  0.907933  19
6123.5  0.908725  19
6124  0.91055  19
6124.5  0.912167  19
6125  0.9142  19
6125.5  0.915509  19
6126  0.916819  19
6126.5  0.919266  19
6127  0.920578  19
6127.5  0.921787  19
6128  0.92186  19
6128.5  0.923173  19
6129  0.922109  19
6129.5  0.924146  19
6130  0.92546  19
6130.5  0.927913  19
6131  0.927884  19
6131.5  0.928786  19
6132  0.929687  19
6132.5  0.930588  19
6133  0.930248  19
6133.5  0.931771  19
6134  0.932259  19
6134.5  0.932954  19
6135  0.933236  19
6135.5  0.934968  19
6136  0.936701  19
6136.5  0.937916  19
6137  0.940789  19
6137.5  0.940866  19
6138  0.940941  19
6138.5  0.941017  19
6139  0.941196  19
6139.5  0.941998  19
6140  0.942178  19
6140.5  0.942566  19
6141  0.944406  19
6141.5  0.943133  19
6142  0.943726  19
6142.5  0.943075  19
6143  0.943462  19
6143.5  0.943329  19
6144  0.94143  19
6144.5  0.940361  19
6145  0.939916  19
6145.5  0.939574  19
6146  0.939648  19
6146.5  0.938994  19
6147  0.939276  19
6147.5  0.938622  19
6148  0.938592  19
6148.5  0.937834  19
6149  0.935304  19
6149.5  0.93517  19
6150  0.93441  19
6150.5  0.934483  19
6151  0.933723  19
6151.5  0.933171  19
6152  0.934599  19
6152.5  0.934046  19
6153  0.933389  19
6153.5  0.932523  19
6154  0.931865  19
6154.5  0.931103  19
6155  0.930967  19
6155.5  0.929578  19
6156  0.928814  19
6156.5  0.928468  19
6157  0.929689  19
6157.5  0.929447  19
6158  0.929832  19
6158.5  0.929173  19
6159  0.92914  19
6159.5  0.928794  19
6160  0.927192  19
6160.5  0.926427  19
6161  0.924824  19
6161.5  0.923953  19
6162  0.922769  19
6162.5  0.922315  19
6163  0.922386  19
6163.5  0.922457  19
6164  0.922002  19
6164.5  0.919349  19
6165  0.917637  19
6165.5  0.915297  19
6166  0.913164  19
6166.5  0.912499  19
6167  0.912042  19
6167.5  0.910956  19
6168  0.91008  19
6168.5  0.910883  19
6169  0.910425  19
6169.5  0.910808  19
6170  0.909512  19
6170.5  0.909684  19
6171  0.909226  19
6171.5  0.907403  19
6172  0.905474  19
6172.5  0.905855  19
6173  0.904661  19
6173.5  0.906199  19
6174  0.90595  19
6174.5  0.906333  19
6175  0.905979  19
6175.5  0.906255  19
6176  0.906953  19
6176.5  0.906704  19
6177  0.906455  19
6177.5  0.905785  19
6178  0.906903  19
6178.5  0.905917  19
6179  0.905562  19
6179.5  0.907313  19
6180  0.908855  19
6180.5  0.910081  19
6181  0.912784  19
6181.5  0.913694  19
6182  0.915132  19
6182.5  0.915305  19
6183  0.91453  19
6183.5  0.914808  19
6184  0.916352  19
6184.5  0.915681  19
6185  0.91691  19
6185.5  0.918667  19
6186  0.919157  19
6186.5  0.920175  19
6187  0.921723  19
6187.5  0.921686  19
6188  0.922281  19
6188.5  0.922455  19
6189  0.922418  19
6189.5  0.922592  19
6190  0.924988  19
6190.5  0.924529  19
6191  0.92682  19
6191.5  0.927524  19
6192  0.927699  19
6192.5  0.929039  19
6193  0.930273  19
6193.5  0.930448  19
6194  0.932001  19
6194.5  0.932601  19
6195  0.9332  19
6195.5  0.935284  19
6196  0.935884  19
6196.5  0.938075  19
6197  0.939735  19
6197.5  0.940549  19
6198  0.939452  19
6198.5  0.942074  19
6199  0.942564  19
6199.5  0.94377  19
6200  0.943799  19
6200.5  0.945637  19
6201  0.946201  19
6201.5  0.947721  19
6202  0.948287  19
6202.5  0.949382  19
6203  0.949203  19
6203.5  0.949662  19
6204  0.950121  19
6204.5  0.95058  19
6205  0.950825  19
6205.5  0.951923  19
6206  0.952913  19
6206.5  0.95433  19
6207  0.955108  19
6207.5  0.955887  19
6208  0.957304  19
6208.5  0.957019  19
6209  0.95854  19
6209.5  0.959421  19
6210  0.962111  19
6210.5  0.962992  19
6211  0.965045  19
6211.5  0.966354  19
6212  0.969579  19
6212.5  0.970249  19
6213  0.971131  19
6213.5  0.972228  19
6214  0.973964  19
6214.5  0.974421  19
6215  0.976904  19
6215.5  0.978107  19
6216  0.979845  19
6216.5  0.982329  19
6217  0.983321  19
6217.5  0.983565  19
6218  0.984344  19
6218.5  0.986937  19
6219  0.988998  19
6219.5  0.991914  19
6220  0.991521  19
6220.5  0.994119  19
6221  0.996075  19
6221.5  0.997391  19
6222  0.997853  19
6222.5  0.998314  19
6223  0.998029  19
6223.5  0.998062  19
6224  0.997028  19
6224.5  0.996206  19
6225  0.996989  19
6225.5  0.997236  19
6226  0.995987  19
6226.5  0.995806  19
6227  0.994663  19
6227.5  0.993518  19
6228  0.994622  19
6228.5  0.993584  19
6229  0.992547  19
6229.5  0.992258  19
6230  0.991112  19
6230.5  0.990716  19
6231  0.990642  19
6231.5  0.990567  19
6232  0.991884  19
6232.5  0.991595  19
6233  0.990983  19
6233.5  0.991444  19
6234  0.991689  19
6234.5  0.990328  19
6235  0.989286  19
6235.5  0.987709  19
6236  0.98656  19
6236.5  0.98541  19
6237  0.984046  19
6237.5  0.983539  19
6238  0.983464  19
6238.5  0.982206  19
6239  0.981272  19
6239.5  0.981411  19
6240  0.979939  19
6240.5  0.979433  19
6241  0.977853  19
6241.5  0.976271  19
6242  0.97426  19
6242.5  0.971819  19
6243  0.971203  19
6243.5  0.970694  19
6244  0.968681  19
6244.5  0.966775  19
6245  0.966588  19
6245.5  0.965863  19
6246  0.965569  19
6246.5  0.964735  19
6247  0.964333  19
6247.5  0.962424  19
6248  0.962666  19
6248.5  0.961724  19
6249  0.961321  19
6249.5  0.961563  19
6250  0.962021  19
6250.5  0.96334  19
6251  0.962613  19
6251.5  0.961777  19
6252  0.961912  19
6252.5  0.962369  19
6253  0.961641  19
6253.5  0.961129  19
6254  0.960076  19
6254.5  0.960642  19
6255  0.960344  19
6255.5  0.959507  19
6256  0.956728  19
6256.5  0.955782  19
6257  0.954837  19
6257.5  0.95346  19
6258  0.9523  19
6258.5  0.952109  19
6259  0.952136  19
6259.5  0.950434  19
6260  0.948408  19
6260.5  0.946922  19
6261  0.945651  19
6261.5  0.94373  19
6262  0.942567  19
6262.5  0.940646  19
6263  0.938076  19
6263.5  0.937127  19
6264  0.936825  19
6264.5  0.93566  19
6265  0.934169  19
6265.5  0.93192  19
6266  0.930536  19
6266.5  0.929476  19
6267  0.927767  19
6267.5  0.926706  19
6268  0.925644  19
6268.5  0.924366  19
6269  0.922871  19
6269.5  0.921484  19
6270  0.920529  19
6270.5  0.918817  19
6271  0.917753  19
6271.5  0.917122  19
6272  0.916275  19
6272.5  0.915102  19
6273  0.914253  19
6273.5  0.914597  19
6274  0.914507  19
6274.5  0.9129  19
6275  0.911075  19
6275.5  0.911418  19
6276  0.911436  19
6276.5  0.910913  19
6277  0.910715  19
6277.5  0.910733  19
6278  0.911078  19
6278.5  0.912508  19
6279  0.913721  19
6279.5  0.912872  19
6280  0.912131  19
6280.5  0.91291  19
6281  0.913798  19
6281.5  0.913708  19
6282  0.912967  19
6282.5  0.912333  19
6283  0.913874  19
6283.5  0.913131  19
6284  0.914129  19
6284.5  0.914909  19
6285  0.914928  19
6285.5  0.91549  19
6286  0.914312  19
6286.5  0.914767  19
6287  0.915329  19
6287.5  0.916218  19
6288  0.916998  19
6288.5  0.91778  19
6289  0.917472  19
6289.5  0.918144  19
6290  0.918164  19
6290.5  0.918944  19
6291  0.918201  19
6291.5  0.919636  19
6292  0.919873  19
6292.5  0.919999  19
6293  0.921325  19
6293.5  0.921341  19
6294  0.921578  19
6294.5  0.921706  19
6295  0.921944  19
6295.5  0.923822  19
6296  0.924613  19
6296.5  0.924642  19
6297  0.926202  19
6297.5  0.926781  19
6298  0.928562  19
6298.5  0.929363  19
6299  0.931145  19
6299.5  0.931726  19
6300  0.931542  19
6300.5  0.932886  19
6301  0.933467  19
6301.5  0.934811  19
6302  0.936374  19
6302.5  0.936625  19
6303  0.937204  19
6303.5  0.936909  19
6304  0.938801  19
6304.5  0.938837  19
6305  0.939093  19
6305.5  0.93979  19
6306  0.940489  19
6306.5  0.941629  19
6307  0.941347  19
6307.5  0.941176  19
6308  0.942867  19
6308.5  0.944229  19
6309  0.946031  19
6309.5  0.947175  19
6310  0.94777  19
6310.5  0.948257  19
6311  0.948962  19
6311.5  0.950105  19
6312  0.948947  19
6312.5  0.9502  19
6313  0.951454  19
6313.5  0.953039  19
6314  0.953415  19
6314.5  0.953463  19
6315  0.95395  19
6315.5  0.955205  19
6316  0.956023  19
6316.5  0.95607  19
6317  0.955241  19
6317.5  0.954849  19
6318  0.955337  19
6318.5  0.955604  19
6319  0.95664  19
6319.5  0.957348  19
6320  0.958386  19
6320.5  0.958434  19
6321  0.958812  19
6321.5  0.95842  19
6322  0.959349  19
6322.5  0.960387  19
6323  0.961316  19
6323.5  0.961364  19
6324  0.960862  19
6324.5  0.96025  19
6325  0.960739  19
6325.5  0.961559  19
6326  0.96249  19
6326.5  0.961987  19
6327  0.961045  19
6327.5  0.960213  19
6328  0.959049  19
6328.5  0.959097  19
6329  0.95628  19
6329.5  0.955666  19
6330  0.955493  19
6330.5  0.954216  19
6331  0.953271  19
6331.5  0.953319  19
6332  0.952152  19
6332.5  0.951316  19
6333  0.950258  19
6333.5  0.948649  19
6334  0.947149  19
6334.5  0.946311  19
6335  0.944589  19
6335.5  0.943972  19
6336  0.943575  19
6336.5  0.942182  19
6337  0.942779  19
6337.5  0.939838  19
6338  0.937781  19
6338.5  0.935945  19
6339  0.934218  19
6339.5  0.931717  19
6340  0.930099  19
6340.5  0.927154  19
6341  0.924317  19
6341.5  0.922698  19
6342  0.920081  19
6342.5  0.9168  19
6343  0.914736  19
6343.5  0.912005  19
6344  0.908056  19
6344.5  0.905657  19
6345  0.90226  19
6345.5  0.899527  19
6346  0.895906  19
6346.5  0.892839  19
6347  0.888883  19
6347.5  0.885924  19
6348  0.882742  19
6348.5  0.880002  19
6349  0.876597  19
6349.5  0.872634  19
6350  0.870114  19
6350.5  0.868037  19
6351  0.864405  19
6351.5  0.859882  19
6352  0.857358  19
6352.5  0.853167  19
6353  0.848862  19
6353.5  0.845556  19
6354  0.841916  19
6354.5  0.837828  19
6355  0.834964  19
6355.5  0.830096  19
6356  0.82645  19
6356.5  0.821912  19
6357  0.818932  19
6357.5  0.814503  19
6358  0.809628  19
6358.5  0.805752  19
6359  0.800874  19
6359.5  0.79644  19
6360  0.791892  19
6360.5  0.786675  19
6361  0.783015  19
6361.5  0.778575  19
6362  0.773687  19
6362.5  0.768797  19
6363  0.762792  19
6363.5  0.75801  19
6364  0.752671  19
6364.5  0.747998  19
6365  0.742098  19
6365.5  0.737199  19
6366  0.731294  19
6366.5  0.723936  19
6367  0.718251  19
6367.5  0.711782  19
6368  0.705868  19
6368.5  0.700289  19
6369  0.693367  19
6369.5  0.687112  19
6370  0.679068  19
6370.5  0.672027  19
6371  0.666325  19
6371.5  0.660063  19
6372  0.653685  19
6372.5  0.645405  19
6373  0.638465  19
6373.5  0.631074  19
6374  0.624463  19
6374.5  0.617628  19
6375  0.610901  19
6375.5  0.604173  19
6376  0.596098  19
6376.5  0.589477  19
6377  0.582405  19
6377.5  0.57477  19
6378  0.568815  19
6378.5  0.562969  19
6379  0.555888  19
6379.5  0.548693  19
6380  0.540599  19
6380.5  0.534745  19
6381  0.528104  19
6381.5  0.520338  19
6382  0.512682  19
6382.5  0.506259  19
6383  0.499384  19
6383.5  0.492843  19
6384  0.486301  19
6384.5  0.479531  19
6385  0.473434  19
6385.5  0.466436  19
6386  0.458874  19
6386.5  0.451085  19
6387  0.444305  19
6387.5  0.437521  19
6388  0.431411  19
6388.5  0.425186  19
6389  0.418059  19
6389.5  0.412055  19
6390  0.405823  19
6390.5  0.399703  19
6391  0.393693  19
6391.5  0.387343  19
6392  0.381553  19
6392.5  0.375086  19
6393  0.368277  19
6393.5  0.363156  19
6394  0.357244  19
6394.5  0.352344  19
6395  0.346655  19
6395.5  0.340624  19
6396  0.335157  19
6396.5  0.329575  19
6397  0.324666  19
6397.5  0.318968  19
6398  0.313267  19
6398.5  0.307677  19
6399  0.302424  19
6399.5  0.296606  19
6400  0.291462  19
6400.5  0.286204  19
6401  0.282075  19
6401.5  0.276587  19
6402  0.271999  19
6402.5  0.266277  19
6403  0.261118  19
6403.5  0.256861  19
6404  0.251698  19
6404.5  0.246083  19
6405  0.240805  19
6405.5  0.23677  19
6406  0.232394  19
6406.5  0.22813  19
6407  0.223865  19
6407.5  0.220503  19
6408  0.216914  19
6408.5  0.212758  19
6409  0.208376  19
6409.5  0.205237  19
6410  0.201756  19
6410.5  0.19805  19
6411  0.194115  19
6411.5  0.190746  19
6412  0.187375  19
6412.5  0.185136  19
6413  0.182103  19
6413.5  0.17873  19
6414  0.175695  19
6414.5  0.172661  19
6415  0.169965  19
6415.5  0.166475  19
6416  0.162871  19
6416.5  0.159832  19
6417  0.156679  19
6417.5  0.153299  19
6418  0.150258  19
6418.5  0.148237  19
6419  0.145874  19
6419.5  0.142605  19
6420  0.139787  19
6420.5  0.136969  19
6421  0.134378  19
6421.5  0.132012  19
6422  0.129079  19
6422.5  0.126938  19
6423  0.124457  19
6423.5  0.122317  19
6424  0.120061  19
6424.5  0.118487  19
6425  0.116117  19
6425.5  0.114088  19
6426  0.112092  19
6426.5  0.110061  19
6427  0.108394  19
6427.5  0.106282  19
6428  0.104568  19
6428.5  0.102569  19
6429  0.100559  19
6429.5  0.0989002  19
6430  0.0976166  19
6430.5  0.0947624  19
6431  0.0931592  19
6431.5  0.0914192  19
6432  0.0899972  19
6432.5  0.0880626  19
6433  0.0866854  19
6433.5  0.0852167  19
6434  0.0840665  19
6434.5  0.0822668  19
6435  0.0810133  19
6435.5  0.080204  19
6436  0.0787676  19
6436.5  0.077308  19
6437  0.0764978  19
6437.5  0.0752656  19
6438  0.0742496  19
6438.5  0.0743737  19
6439  0.0730951  19
6439.5  0.0723179  19
6440  0.0714264  19
6440.5  0.0701583  19
6441  0.0689011  19
6441.5  0.0680773  19
6442  0.0670593  19
6442.5  0.0664748  19
6443  0.0654562  19
6443.5  0.0645174  19
6444  0.063818  19
6444.5  0.0636896  19
6445  0.0625103  19
6445.5  0.0617647  19
6446  0.0612704  19
6446.5  0.0602615  19
6447  0.0591954  19
6447.5  0.0584146  19
6448  0.0571878  19
6448.5  0.0567953  19
6449  0.0560025  19
6449.5  0.0553238  19
6450  0.0545076  19
6450.5  0.05392  19
6451  0.052989  19
6451.5  0.0519434  19
6452  0.0507715  19
6452.5  0.049359  19
6453  0.0487932  19
6453.5  0.0484334  19
6454  0.047123  19
6454.5  0.045732  19
6455  0.0447761  19
6455.5  0.0438541  19
6456  0.0430466  19
6456.5  0.0423305  19
6457  0.041637  19
6457.5  0.040485  19
6458  0.0399172  19
6458.5  0.0387645  19
6459  0.0379671  19
6459.5  0.0371466  19
6460  0.0364518  19
6460.5  0.0361126  19
6461  0.0359798  19
6461.5  0.034929  19
6462  0.0343599  19
6462.5  0.0343416  19
6463  0.0341166  19
6463.5  0.033306  19
6464  0.0329432  19
6464.5  0.032247  19
6465  0.0316656  19
6465.5  0.0314057  19
6466  0.0307091  19
6466.5  0.030449  19
6467  0.0297521  19
6467.5  0.0297446  19
6468  0.0295072  19
6468.5  0.0290169  19
6469  0.0280894  19
6469.5  0.0279552  19
6470  0.0272575  19
6470.5  0.0269046  19
6471  0.026333  19
6471.5  0.0265437  19
6472  0.0259833  19
6472.5  0.0263207  19
6473  0.0261861  19
6473.5  0.0256255  19
6474  0.0256175  19
6474.5  0.0251834  19
6475  0.0251868  19
6475.5  0.0251671  19
6476  0.0250439  19
6476.5  0.0247016  19
6477  0.0242324  19
6477.5  0.0234059  19
6478  0.0233861  19
6478.5  0.0231702  19
6479  0.0230465  19
6479.5  0.0224846  19
6480  0.0223492  19
6480.5  0.0213142  19
6481  0.0208787  19
6481.5  0.0212161  19
6482  0.020619  19
6482.5  0.0206217  19
6483  0.0206245  19
6483.5  0.0199578  19
6484  0.0196256  19
6484.5  0.0190856  19
6485  0.0193422  19
6485.5  0.0190098  19
6486  0.0186775  19
6486.5  0.0177905  19
6487  0.0176658  19
6487.5  0.0174371  19
6488  0.0171042  19
6488.5  0.0168638  19
6489  0.0167388  19
6489.5  0.0158393  19
6490  0.0155061  19
6490.5  0.0148259  19
6491  0.0141339  19
6491.5  0.0136963  19
6492  0.0132584  19
6492.5  0.0133528  19
6493  0.012313  19
6493.5  0.0122221  19
6494  0.0120964  19
6494.5  0.0118318  19
6495  0.0107947  19
6505  0  19
# 1112 ./Suprime.IB679 0 20
6503.5  0  20
6513.5  0.00996447  20
6514  0.0101793  20
6514.5  0.0100107  20
6515  0.0103773  20
6515.5  0.0104852  20
6516  0.0106734  20
6516.5  0.0110759  20
6517  0.0112732  20
6517.5  0.0114973  20
6518  0.0123553  20
6518.5  0.0125437  20
6519  0.0129465  20
6519.5  0.0133136  20
6520  0.0137076  20
6520.5  0.0138159  20
6521  0.0138349  20
6521.5  0.0137377  20
6522  0.0138193  20
6522.5  0.0141241  20
6523  0.0141252  20
6523.5  0.0140281  20
6524  0.0144224  20
6524.5  0.0149061  20
6525  0.0152916  20
6525.5  0.0153018  20
6526  0.0149187  20
6526.5  0.0150361  20
6527  0.0151446  20
6527.5  0.0151458  20
6528  0.015147  20
6528.5  0.0158993  20
6529  0.0165624  20
6529.5  0.0172345  20
6530  0.0178082  20
6530.5  0.0181944  20
6531  0.0188757  20
6531.5  0.0195482  20
6532  0.0198361  20
6532.5  0.020115  20
6533  0.0203851  20
6533.5  0.021031  20
6534  0.0214981  20
6534.5  0.0220548  20
6535  0.0226205  20
6535.5  0.0232937  20
6536  0.0240297  20
6536.5  0.0243092  20
6537  0.0243738  20
6537.5  0.0250206  20
6538  0.0252106  20
6538.5  0.0254902  20
6539  0.0257521  20
6539.5  0.0268828  20
6540  0.0277182  20
6540.5  0.0288493  20
6541  0.029891  20
6541.5  0.0305476  20
6542  0.0314103  20
6542.5  0.0315741  20
6543  0.0321235  20
6543.5  0.0333451  20
6544  0.0337153  20
6544.5  0.0346683  20
6545  0.0353256  20
6545.5  0.0359023  20
6546  0.0368378  20
6546.5  0.0376747  20
6547  0.0385119  20
6547.5  0.0387571  20
6548  0.0395137  20
6548.5  0.0400821  20
6549  0.040812  20
6549.5  0.0418381  20
6550  0.0421735  20
6550.5  0.043487  20
6551  0.0443161  20
6551.5  0.0444005  20
6552  0.0453375  20
6552.5  0.0458888  20
6553  0.0473019  20
6553.5  0.0480149  20
6554  0.0488448  20
6554.5  0.050043  20
6555  0.0511515  20
6555.5  0.0521706  20
6556  0.0534322  20
6556.5  0.054164  20
6557  0.0552912  20
6557.5  0.0563108  20
6558  0.0576181  20
6558.5  0.0590065  20
6559  0.0602244  20
6559.5  0.0619007  20
6560  0.0634965  20
6560.5  0.0651913  20
6561  0.0664819  20
6561.5  0.0683662  20
6562  0.0703495  20
6562.5  0.0719735  20
6563  0.0736788  20
6563.5  0.0754922  20
6564  0.0774228  20
6564.5  0.078967  20
6565  0.0801246  20
6565.5  0.0819391  20
6566  0.0840507  20
6566.5  0.0860997  20
6567  0.088527  20
6567.5  0.0907025  20
6568  0.0925995  20
6568.5  0.0949468  20
6569  0.0966644  20
6569.5  0.0983823  20
6570  0.10037  20
6570.5  0.102809  20
6571  0.104618  20
6571.5  0.106697  20
6572  0.109046  20
6572.5  0.111847  20
6573  0.114648  20
6573.5  0.117629  20
6574  0.120071  20
6574.5  0.122512  20
6575  0.124324  20
6575.5  0.127037  20
6576  0.13029  20
6576.5  0.133004  20
6577  0.135899  20
6577.5  0.139154  20
6578  0.14232  20
6578.5  0.145215  20
6579  0.147931  20
6579.5  0.150919  20
6580  0.154176  20
6580.5  0.157525  20
6581  0.160874  20
6581.5  0.164043  20
6582  0.167573  20
6582.5  0.171014  20
6583  0.175538  20
6583.5  0.17907  20
6584  0.182061  20
6584.5  0.185685  20
6585  0.189128  20
6585.5  0.192753  20
6586  0.196469  20
6586.5  0.200455  20
6587  0.205165  20
6587.5  0.208973  20
6588  0.212962  20
6588.5  0.217132  20
6589  0.222025  20
6589.5  0.226737  20
6590  0.232084  20
6590.5  0.236889  20
6591  0.240882  20
6591.5  0.245237  20
6592  0.249592  20
6592.5  0.25422  20
6593  0.260203  20
6593.5  0.265645  20
6594  0.270274  20
6594.5  0.275537  20
6595  0.280349  20
6595.5  0.285703  20
6596  0.290244  20
6596.5  0.295148  20
6597  0.299601  20
6597.5  0.304958  20
6598  0.309321  20
6598.5  0.314499  20
6599  0.320312  20
6599.5  0.325853  20
6600  0.332661  20
6600.5  0.339381  20
6601  0.344835  20
6601.5  0.350198  20
6602  0.356831  20
6602.5  0.363011  20
6603  0.369102  20
6603.5  0.375555  20
6604  0.382461  20
6604.5  0.388917  20
6605  0.395644  20
6605.5  0.400652  20
6606  0.40711  20
6606.5  0.41393  20
6607  0.420027  20
6607.5  0.426758  20
6608  0.431861  20
6608.5  0.436783  20
6609  0.442883  20
6609.5  0.448803  20
6610  0.454272  20
6610.5  0.459469  20
6611  0.464847  20
6611.5  0.471224  20
6612  0.477058  20
6612.5  0.484253  20
6613  0.491719  20
6613.5  0.500093  20
6614  0.506384  20
6614.5  0.512042  20
6615  0.518878  20
6615.5  0.525988  20
6616  0.533823  20
6616.5  0.540391  20
6617  0.547595  20
6617.5  0.554617  20
6618  0.561006  20
6618.5  0.568303  20
6619  0.576418  20
6619.5  0.583083  20
6620  0.589748  20
6620.5  0.595235  20
6621  0.599725  20
6621.5  0.606211  20
6622  0.613153  20
6622.5  0.619913  20
6623  0.626312  20
6623.5  0.63371  20
6624  0.639657  20
6624.5  0.646331  20
6625  0.652189  20
6625.5  0.657685  20
6626  0.664179  20
6626.5  0.669767  20
6627  0.675993  20
6627.5  0.682126  20
6628  0.687354  20
6628.5  0.691764  20
6629  0.697448  20
6629.5  0.702677  20
6630  0.707908  20
6630.5  0.714683  20
6631  0.720733  20
6631.5  0.723785  20
6632  0.728565  20
6632.5  0.733344  20
6633  0.738852  20
6633.5  0.745087  20
6634  0.749051  20
6634.5  0.754196  20
6635  0.757433  20
6635.5  0.760671  20
6636  0.765455  20
6636.5  0.772149  20
6637  0.777936  20
6637.5  0.781903  20
6638  0.786054  20
6638.5  0.78893  20
6639  0.792445  20
6639.5  0.797506  20
6640  0.801113  20
6640.5  0.805539  20
6641  0.809147  20
6641.5  0.81139  20
6642  0.816546  20
6642.5  0.820337  20
6643  0.825403  20
6643.5  0.830653  20
6644  0.835721  20
6644.5  0.839424  20
6645  0.842035  20
6645.5  0.844829  20
6646  0.847896  20
6646.5  0.85151  20
6647  0.854033  20
6647.5  0.857466  20
6648  0.861264  20
6648.5  0.864606  20
6649  0.867312  20
6649.5  0.872387  20
6650  0.875185  20
6650.5  0.87607  20
6651  0.87823  20
6651.5  0.881485  20
6652  0.883555  20
6652.5  0.885443  20
6653  0.888151  20
6653.5  0.889311  20
6654  0.891199  20
6654.5  0.893088  20
6655  0.89598  20
6655.5  0.897962  20
6656  0.900854  20
6656.5  0.904751  20
6657  0.906825  20
6657.5  0.906435  20
6658  0.909785  20
6658.5  0.915326  20
6659  0.91886  20
6659.5  0.919019  20
6660  0.920363  20
6660.5  0.923717  20
6661  0.926979  20
6661.5  0.930698  20
6662  0.933869  20
6662.5  0.936951  20
6663  0.937932  20
6663.5  0.938639  20
6664  0.939896  20
6664.5  0.940968  20
6665  0.942224  20
6665.5  0.942567  20
6666  0.942362  20
6666.5  0.941974  20
6667  0.943687  20
6667.5  0.945492  20
6668  0.946475  20
6668.5  0.946178  20
6669  0.945516  20
6669.5  0.945037  20
6670  0.945928  20
6670.5  0.945723  20
6671  0.946981  20
6671.5  0.94897  20
6672  0.948399  20
6672.5  0.947188  20
6673  0.94799  20
6673.5  0.95071  20
6674  0.951603  20
6674.5  0.950849  20
6675  0.949821  20
6675.5  0.950348  20
6676  0.950601  20
6676.5  0.948934  20
6677  0.947996  20
6677.5  0.948797  20
6678  0.947312  20
6678.5  0.945826  20
6679  0.944157  20
6679.5  0.941847  20
6680  0.943105  20
6680.5  0.94052  20
6681  0.939308  20
6681.5  0.938461  20
6682  0.935967  20
6682.5  0.934112  20
6683  0.932899  20
6683.5  0.929578  20
6684  0.927905  20
6684.5  0.928156  20
6685  0.929048  20
6685.5  0.927466  20
6686  0.927442  20
6686.5  0.925951  20
6687  0.925652  20
6687.5  0.924894  20
6688  0.922762  20
6688.5  0.923837  20
6689  0.925095  20
6689.5  0.925895  20
6690  0.925778  20
6690.5  0.927038  20
6691  0.924813  20
6691.5  0.92598  20
6692  0.927883  20
6692.5  0.92878  20
6693  0.927385  20
6693.5  0.926816  20
6694  0.928173  20
6694.5  0.930907  20
6695  0.931899  20
6695.5  0.934449  20
6696  0.93443  20
6696.5  0.93441  20
6697  0.930443  20
6697.5  0.929502  20
6698  0.929935  20
6698.5  0.931924  20
6699  0.934738  20
6699.5  0.934427  20
6700  0.93448  20
6700.5  0.934254  20
6701  0.934763  20
6701.5  0.936469  20
6702  0.933223  20
6702.5  0.931999  20
6703  0.930778  20
6703.5  0.929284  20
6704  0.929996  20
6704.5  0.929333  20
6705  0.930508  20
6705.5  0.929663  20
6706  0.929096  20
6706.5  0.927517  20
6707  0.924377  20
6707.5  0.923717  20
6708  0.920574  20
6708.5  0.918902  20
6709  0.917226  20
6709.5  0.914447  20
6710  0.913777  20
6710.5  0.911178  20
6711  0.910048  20
6711.5  0.908643  20
6712  0.905308  20
6712.5  0.903904  20
6713  0.903052  20
6713.5  0.90266  20
6714  0.901072  20
6714.5  0.897828  20
6715  0.89578  20
6715.5  0.89364  20
6716  0.890669  20
6716.5  0.8877  20
6717  0.885281  20
6717.5  0.885806  20
6718  0.886239  20
6718.5  0.887223  20
6719  0.886549  20
6719.5  0.885415  20
6720  0.88704  20
6720.5  0.887469  20
6721  0.888911  20
6721.5  0.888512  20
6722  0.890231  20
6722.5  0.891951  20
6723  0.894961  20
6723.5  0.896038  20
6724  0.900063  20
6724.5  0.901693  20
6725  0.906455  20
6725.5  0.90735  20
6726  0.907876  20
6726.5  0.909968  20
6727  0.912615  20
6727.5  0.915723  20
6728  0.91883  20
6728.5  0.920188  20
6729  0.920531  20
6729.5  0.92069  20
6730  0.921218  20
6730.5  0.919718  20
6731  0.920615  20
6731.5  0.923264  20
6732  0.923977  20
6732.5  0.927918  20
6733  0.929369  20
6733.5  0.931097  20
6734  0.933194  20
6734.5  0.933169  20
6735  0.933607  20
6735.5  0.932199  20
6736  0.931528  20
6736.5  0.934919  20
6737  0.935633  20
6737.5  0.936255  20
6738  0.9378  20
6738.5  0.942576  20
6739  0.945045  20
6739.5  0.946684  20
6740  0.948877  20
6740.5  0.9483  20
6741  0.948831  20
6741.5  0.949361  20
6742  0.949892  20
6742.5  0.95033  20
6743  0.951969  20
6743.5  0.955455  20
6744  0.955985  20
6744.5  0.955591  20
6745  0.957045  20
6745.5  0.959793  20
6746  0.961155  20
6746.5  0.962517  20
6747  0.96194  20
6747.5  0.963487  20
6748  0.963003  20
6748.5  0.96529  20
6749  0.964621  20
6749.5  0.964691  20
6750  0.965131  20
6750.5  0.964184  20
6751  0.966197  20
6751.5  0.965342  20
6752  0.966892  20
6752.5  0.966591  20
6753  0.967772  20
6753.5  0.969415  20
6754  0.969208  20
6754.5  0.967983  20
6755  0.968053  20
6755.5  0.967846  20
6756  0.972635  20
6756.5  0.972799  20
6757  0.972593  20
6757.5  0.973496  20
6758  0.975881  20
6758.5  0.978729  20
6759  0.977505  20
6759.5  0.979336  20
6760  0.979222  20
6760.5  0.978923  20
6761  0.979825  20
6761.5  0.978875  20
6762  0.979315  20
6762.5  0.98179  20
6763  0.984545  20
6763.5  0.981  20
6764  0.978475  20
6764.5  0.978637  20
6765  0.980467  20
6765.5  0.980166  20
6766  0.980143  20
6766.5  0.980954  20
6767  0.983064  20
6767.5  0.984339  20
6768  0.985429  20
6768.5  0.989857  20
6769  0.987703  20
6769.5  0.987959  20
6770  0.988216  20
6770.5  0.987823  20
6771  0.985947  20
6771.5  0.989079  20
6772  0.988408  20
6772.5  0.989871  20
6773  0.990776  20
6773.5  0.992703  20
6774  0.994074  20
6774.5  0.994146  20
6775  0.992548  20
6775.5  0.990949  20
6776  0.990836  20
6776.5  0.987102  20
6777  0.989309  20
6777.5  0.993094  20
6778  0.994651  20
6778.5  0.993423  20
6779  0.995167  20
6779.5  0.997839  20
6780  0.999861  20
6780.5  0.997891  20
6781  0.997406  20
6781.5  0.996641  20
6782  0.995598  20
6782.5  0.995019  20
6783  0.996111  20
6783.5  0.996368  20
6784  0.998112  20
6784.5  0.998834  20
6785  1.00039  20
6785.5  0.997956  20
6786  0.996912  20
6786.5  0.997077  20
6787  0.997892  20
6787.5  0.995827  20
6788  0.994598  20
6788.5  0.993554  20
6789  0.992603  20
6789.5  0.993233  20
6790  0.991724  20
6790.5  0.993934  20
6791  0.994843  20
6791.5  0.997052  20
6792  0.99424  20
6792.5  0.994031  20
6793  0.995032  20
6793.5  0.993801  20
6794  0.993872  20
6794.5  0.994408  20
6795  0.993083  20
6795.5  0.993061  20
6796  0.993318  20
6796.5  0.993949  20
6797  0.993461  20
6797.5  0.992509  20
6798  0.995  20
6798.5  0.993023  20
6799  0.989835  20
6799.5  0.987673  20
6800  0.987466  20
6800.5  0.985583  20
6801  0.982771  20
6801.5  0.982473  20
6802  0.983481  20
6802.5  0.982905  20
6803  0.982144  20
6803.5  0.9825  20
6804  0.979409  20
6804.5  0.979205  20
6805  0.978443  20
6805.5  0.978145  20
6806  0.977194  20
6806.5  0.97559  20
6807  0.976411  20
6807.5  0.972476  20
6808  0.972923  20
6808.5  0.974208  20
6809  0.972324  20
6809.5  0.972024  20
6810  0.970047  20
6810.5  0.967137  20
6811  0.964973  20
6811.5  0.962623  20
6812  0.962325  20
6812.5  0.961747  20
6813  0.962569  20
6813.5  0.961059  20
6814  0.957308  20
6814.5  0.95701  20
6815  0.95419  20
6815.5  0.954825  20
6816  0.951724  20
6816.5  0.951517  20
6817  0.952627  20
6817.5  0.951817  20
6818  0.950556  20
6818.5  0.951246  20
6819  0.95012  20
6819.5  0.948179  20
6820  0.946329  20
6820.5  0.945105  20
6821  0.943949  20
6821.5  0.942886  20
6822  0.94156  20
6822.5  0.941579  20
6823  0.942683  20
6823.5  0.943211  20
6824  0.94319  20
6824.5  0.9418  20
6825  0.938882  20
6825.5  0.938543  20
6826  0.93649  20
6826.5  0.935658  20
6827  0.937913  20
6827.5  0.938335  20
6828  0.939513  20
6828.5  0.93893  20
6829  0.938153  20
6829.5  0.937078  20
6830  0.938476  20
6830.5  0.938536  20
6831  0.93745  20
6831.5  0.939296  20
6832  0.940656  20
6832.5  0.940061  20
6833  0.941306  20
6833.5  0.939414  20
6834  0.940945  20
6834.5  0.941938  20
6835  0.941662  20
6835.5  0.944182  20
6836  0.946548  20
6836.5  0.947188  20
6837  0.948311  20
6837.5  0.950278  20
6838  0.950871  20
6838.5  0.950269  20
6839  0.951861  20
6839.5  0.952147  20
6840  0.952131  20
6840.5  0.952996  20
6841  0.952729  20
6841.5  0.953903  20
6842  0.955057  20
6842.5  0.954734  20
6843  0.956236  20
6843.5  0.955267  20
6844  0.954491  20
6844.5  0.955649  20
6845  0.956279  20
6845.5  0.95657  20
6846  0.956985  20
6846.5  0.959249  20
6847  0.95898  20
6847.5  0.95763  20
6848  0.958017  20
6848.5  0.957216  20
6849  0.957043  20
6849.5  0.955758  20
6850  0.953993  20
6850.5  0.956197  20
6851  0.95337  20
6851.5  0.951614  20
6852  0.950569  20
6852.5  0.948337  20
6853  0.946103  20
6853.5  0.945689  20
6854  0.943744  20
6854.5  0.941728  20
6855  0.942362  20
6855.5  0.942301  20
6856  0.94171  20
6856.5  0.941681  20
6857  0.941944  20
6857.5  0.944118  20
6858  0.943588  20
6858.5  0.939717  20
6859  0.939087  20
6859.5  0.940062  20
6860  0.94002  20
6860.5  0.941928  20
6861  0.942275  20
6861.5  0.94188  20
6862  0.9412  20
6862.5  0.941772  20
6863  0.938478  20
6863.5  0.938875  20
6864  0.936499  20
6864.5  0.935401  20
6865  0.932895  20
6865.5  0.930589  20
6866  0.928564  20
6866.5  0.928252  20
6867  0.927247  20
6867.5  0.926436  20
6868  0.925813  20
6868.5  0.922775  20
6869  0.922948  20
6869.5  0.921854  20
6870  0.920021  20
6870.5  0.917712  20
6871  0.91752  20
6871.5  0.91178  20
6872  0.909241  20
6872.5  0.90652  20
6873  0.906563  20
6873.5  0.907413  20
6874  0.910234  20
6874.5  0.910051  20
6875  0.909533  20
6875.5  0.908404  20
6876  0.908613  20
6876.5  0.909533  20
6877  0.908983  20
6877.5  0.907072  20
6878  0.908179  20
6878.5  0.907377  20
6879  0.906743  20
6879.5  0.908345  20
6880  0.91054  20
6880.5  0.91318  20
6881  0.913508  20
6881.5  0.910422  20
6882  0.906983  20
6882.5  0.90794  20
6883  0.908297  20
6883.5  0.908462  20
6884  0.90769  20
6884.5  0.905241  20
6885  0.902767  20
6885.5  0.900643  20
6886  0.899667  20
6886.5  0.900199  20
6887  0.899743  20
6887.5  0.899366  20
6888  0.897824  20
6888.5  0.897083  20
6889  0.897145  20
6889.5  0.898466  20
6890  0.898551  20
6890.5  0.897493  20
6891  0.897697  20
6891.5  0.896483  20
6892  0.894111  20
6892.5  0.89415  20
6893  0.895528  20
6893.5  0.898152  20
6894  0.899153  20
6894.5  0.898627  20
6895  0.900782  20
6895.5  0.900694  20
6896  0.901499  20
6896.5  0.901583  20
6897  0.901931  20
6897.5  0.900204  20
6898  0.901612  20
6898.5  0.900234  20
6899  0.901014  20
6899.5  0.900366  20
6900  0.899549  20
6900.5  0.899918  20
6901  0.89904  20
6901.5  0.896729  20
6902  0.893971  20
6902.5  0.89238  20
6903  0.88799  20
6903.5  0.884668  20
6904  0.881513  20
6904.5  0.8779  20
6905  0.875726  20
6905.5  0.875442  20
6906  0.873167  20
6906.5  0.871609  20
6907  0.868329  20
6907.5  0.866755  20
6908  0.867074  20
6908.5  0.863588  20
6909  0.860555  20
6909.5  0.857799  20
6910  0.855868  20
6910.5  0.852772  20
6911  0.851498  20
6911.5  0.852953  20
6912  0.852233  20
6912.5  0.850511  20
6913  0.846419  20
6913.5  0.844404  20
6914  0.842019  20
6914.5  0.840448  20
6915  0.836141  20
6915.5  0.832466  20
6916  0.83006  20
6916.5  0.828105  20
6917  0.825872  20
6917.5  0.823905  20
6918  0.819555  20
6918.5  0.817573  20
6919  0.81404  20
6919.5  0.810327  20
6920  0.806257  20
6920.5  0.80183  20
6921  0.799514  20
6921.5  0.797018  20
6922  0.791593  20
6922.5  0.787441  20
6923  0.787676  20
6923.5  0.784972  20
6924  0.777496  20
6924.5  0.774506  20
6925  0.770501  20
6925.5  0.766949  20
6926  0.764219  20
6926.5  0.760015  20
6927  0.755988  20
6927.5  0.750852  20
6928  0.746716  20
6928.5  0.743585  20
6929  0.738705  20
6929.5  0.732722  20
6930  0.729044  20
6930.5  0.722889  20
6931  0.713789  20
6931.5  0.70699  20
6932  0.703597  20
6932.5  0.697059  20
6933  0.690418  20
6933.5  0.685062  20
6934  0.679145  20
6934.5  0.671835  20
6935  0.663685  20
6935.5  0.657839  20
6936  0.651987  20
6936.5  0.644462  20
6937  0.639615  20
6937.5  0.632725  20
6938  0.625916  20
6938.5  0.620675  20
6939  0.614689  20
6939.5  0.610465  20
6940  0.60411  20
6940.5  0.598224  20
6941  0.592803  20
6941.5  0.587381  20
6942  0.581673  20
6942.5  0.576701  20
6943  0.572373  20
6943.5  0.567296  20
6944  0.561188  20
6944.5  0.556286  20
6945  0.548769  20
6945.5  0.543854  20
6946  0.539215  20
6946.5  0.532611  20
6947  0.528522  20
6947.5  0.523587  20
6948  0.518551  20
6948.5  0.513135  20
6949  0.50837  20
6949.5  0.502668  20
6950  0.497623  20
6950.5  0.491832  20
6951  0.486415  20
6951.5  0.480246  20
6952  0.474254  20
6952.5  0.469851  20
6953  0.465161  20
6953.5  0.459435  20
6954  0.453984  20
6954.5  0.448998  20
6955  0.444569  20
6955.5  0.438728  20
6956  0.431658  20
6956.5  0.426087  20
6957  0.419381  20
6957.5  0.413141  20
6958  0.407459  20
6958.5  0.402523  20
6959  0.3973  20
6959.5  0.390755  20
6960  0.385153  20
6960.5  0.37861  20
6961  0.373103  20
6961.5  0.367118  20
6962  0.36122  20
6962.5  0.356733  20
6963  0.35092  20
6963.5  0.345008  20
6964  0.342778  20
6964.5  0.338937  20
6965  0.334713  20
6965.5  0.330392  20
6966  0.325118  20
6966.5  0.319746  20
6967  0.315695  20
6967.5  0.311927  20
6968  0.30654  20
6968.5  0.302478  20
6969  0.297841  20
6969.5  0.293867  20
6970  0.288942  20
6970.5  0.28459  20
6971  0.278428  20
6971.5  0.274163  20
6972  0.267609  20
6972.5  0.261906  20
6973  0.256105  20
6973.5  0.25144  20
6974  0.247534  20
6974.5  0.242862  20
6975  0.238663  20
6975.5  0.234651  20
6976  0.232831  20
6976.5  0.2291  20
6977  0.224505  20
6977.5  0.221053  20
6978  0.217407  20
6978.5  0.213096  20
6979  0.210223  20
6979.5  0.207144  20
6980  0.204515  20
6980.5  0.200323  20
6981  0.198326  20
6981.5  0.194322  20
6982  0.191082  20
6982.5  0.187937  20
6983  0.183835  20
6983.5  0.180114  20
6984  0.17668  20
6984.5  0.174587  20
6985  0.171631  20
6985.5  0.170017  20
6986  0.167347  20
6986.5  0.165445  20
6987  0.163542  20
6987.5  0.160489  20
6988  0.157626  20
6988.5  0.156489  20
6989  0.154297  20
6989.5  0.15172  20
6990  0.149719  20
6990.5  0.14743  20
6991  0.145812  20
6991.5  0.143618  20
6992  0.140944  20
6992.5  0.137789  20
6993  0.136074  20
6993.5  0.131671  20
6994  0.129571  20
6994.5  0.127087  20
6995  0.124794  20
6995.5  0.123077  20
6996  0.120975  20
6996.5  0.118777  20
6997  0.115041  20
6997.5  0.114283  20
6998  0.111124  20
6998.5  0.108828  20
6999  0.106052  20
6999.5  0.104043  20
7000  0.103475  20
7000.5  0.10233  20
7001  0.100609  20
7001.5  0.0995591  20
7002  0.0985096  20
7002.5  0.0964026  20
7003  0.0946798  20
7003.5  0.0929471  20
7004  0.0913871  20
7004.5  0.0897501  20
7005  0.0894109  20
7005.5  0.0871868  20
7006  0.086001  20
7006.5  0.0839591  20
7007  0.083196  20
7007.5  0.0821347  20
7008  0.0795148  20
7008.5  0.0762597  20
7009  0.0741489  20
7009.5  0.0730961  20
7010  0.0715236  20
7010.5  0.0702492  20
7011  0.0682528  20
7011.5  0.0658421  20
7012  0.0636719  20
7012.5  0.0621751  20
7013  0.0606106  20
7013.5  0.0577655  20
7014  0.0579913  20
7014.5  0.0574469  20
7015  0.0561898  20
7015.5  0.0539887  20
7016  0.053232  20
7016.5  0.0538333  20
7017  0.053635  20
7017.5  0.0518474  20
7018  0.0508975  20
7018.5  0.0500728  20
7019  0.0506548  20
7019.5  0.0508802  20
7020  0.0508648  20
7020.5  0.0498278  20
7021  0.047316  20
7021.5  0.0477244  20
7022  0.0457133  20
7022.5  0.0435476  20
7023  0.0423746  20
7023.5  0.0416354  20
7024  0.0407128  20
7024.5  0.0389512  20
7025  0.0382308  20
7025.5  0.038224  20
7026  0.0376964  20
7026.5  0.0367539  20
7027  0.036448  20
7027.5  0.0355245  20
7028  0.034572  20
7028.5  0.0343816  20
7029  0.035108  20
7029.5  0.0339622  20
7030  0.0335305  20
7030.5  0.034257  20
7031  0.0340568  20
7031.5  0.0341656  20
7032  0.0327972  20
7032.5  0.0333308  20
7033  0.0323677  20
7033.5  0.0307091  20
7034  0.029369  20
7034.5  0.0291395  20
7035  0.0288422  20
7035.5  0.028091  20
7036  0.0275618  20
7036.5  0.0276702  20
7037  0.0270249  20
7037.5  0.0264182  20
7038  0.0258211  20
7038.5  0.0256008  20
7039  0.0245588  20
7039.5  0.0246477  20
7040  0.0248816  20
7040.5  0.0237234  20
7041  0.0242376  20
7041.5  0.025303  20
7042  0.0258464  20
7042.5  0.024185  20
7043  0.0220206  20
7043.5  0.0219159  20
7044  0.0213082  20
7044.5  0.0201587  20
7045  0.0211566  20
7045.5  0.0217  20
7046  0.0218081  20
7046.5  0.0216259  20
7047  0.0215597  20
7047.5  0.0206614  20
7048  0.02045  20
7048.5  0.0203838  20
7049  0.0200175  20
7049.5  0.0188477  20
7050  0.0185587  20
7050.5  0.0195283  20
7051  0.0189972  20
7051.5  0.0185145  20
7052  0.0189613  20
7052.5  0.0196407  20
7053  0.0179376  20
7053.5  0.0176193  20
7054  0.0178531  20
7054.5  0.017651  20
7055  0.0172358  20
7055.5  0.0163941  20
7056  0.0156589  20
7056.5  0.0145844  20
7057  0.0140525  20
7057.5  0.0146157  20
7058  0.0142  20
7058.5  0.0143175  20
7059  0.015191  20
7059.5  0.015832  20
7060  0.0159592  20
7060.5  0.0156695  20
7061  0.0159035  20
7061.5  0.0159047  20
7062  0.0147421  20
7062.5  0.0147432  20
7063  0.0148607  20
7063.5  0.0151916  20
7064  0.015513  20
7064.5  0.0157567  20
7065  0.0145062  20
7065.5  0.0146432  20
7066  0.0151781  20
7066.5  0.0148492  20
7067  0.013045  20
7067.5  0.0120753  20
7068  0.011319  20
7078  0  20
# 1025 ./Suprime.IB709 0 21
6819  0  21
6829  0.00968181  21
6829.5  0.00997166  21
6830  0.0102884  21
6830.5  0.0105954  21
6831  0.0108559  21
6831.5  0.0111525  21
6832  0.0114667  21
6832.5  0.0118261  21
6833  0.0121576  21
6833.5  0.0125254  21
6834  0.0128655  21
6834.5  0.0132328  21
6835  0.013673  21
6835.5  0.0140586  21
6836  0.0144352  21
6836.5  0.0148665  21
6837  0.0152706  21
6837.5  0.0157383  21
6838  0.0161785  21
6838.5  0.0167002  21
6839  0.0171578  21
6839.5  0.0176328  21
6840  0.0181343  21
6840.5  0.0186799  21
6841  0.0192699  21
6841.5  0.0198588  21
6842  0.0204376  21
6842.5  0.0210337  21
6843  0.0216743  21
6843.5  0.0223414  21
6844  0.0229898  21
6844.5  0.0236017  21
6845  0.024304  21
6845.5  0.0250695  21
6846  0.0257991  21
6846.5  0.0265198  21
6847  0.0273216  21
6847.5  0.0281592  21
6848  0.0290325  21
6848.5  0.029851  21
6849  0.0307586  21
6849.5  0.0317099  21
6850  0.0326956  21
6850.5  0.0336522  21
6851  0.034589  21
6851.5  0.0356408  21
6852  0.0366909  21
6852.5  0.0377216  21
6853  0.0388498  21
6853.5  0.039932  21
6854  0.0410314  21
6854.5  0.0422112  21
6855  0.0434892  21
6855.5  0.0447406  21
6856  0.046054  21
6856.5  0.0473852  21
6857  0.0487075  21
6857.5  0.0501456  21
6858  0.0515561  21
6858.5  0.0530012  21
6859  0.0545965  21
6859.5  0.0561269  21
6860  0.0577081  21
6860.5  0.0593037  21
6861  0.0609585  21
6861.5  0.0626101  21
6862  0.0643302  21
6862.5  0.0660924  21
6863  0.0679415  21
6863.5  0.0697357  21
6864  0.0714667  21
6864.5  0.0733571  21
6865  0.075283  21
6865.5  0.0771733  21
6866  0.0792223  21
6866.5  0.0812703  21
6867  0.0834425  21
6867.5  0.0856233  21
6868  0.0878827  21
6868.5  0.0901491  21
6869  0.0924129  21
6869.5  0.0947616  21
6870  0.0971941  21
6870.5  0.099533  21
6871  0.101955  21
6871.5  0.10446  21
6872  0.10705  21
6872.5  0.109635  21
6873  0.112218  21
6873.5  0.114887  21
6874  0.117644  21
6874.5  0.1204  21
6875  0.123155  21
6875.5  0.125999  21
6876  0.128928  21
6876.5  0.131854  21
6877  0.134858  21
6877.5  0.137942  21
6878  0.140935  21
6878.5  0.144194  21
6879  0.147201  21
6879.5  0.150487  21
6880  0.15397  21
6880.5  0.157397  21
6881  0.161116  21
6881.5  0.164771  21
6882  0.16836  21
6882.5  0.172051  21
6883  0.175925  21
6883.5  0.179714  21
6884  0.183496  21
6884.5  0.187442  21
6885  0.191387  21
6885.5  0.195509  21
6886  0.199635  21
6886.5  0.203762  21
6887  0.208155  21
6887.5  0.212372  21
6888  0.216591  21
6888.5  0.22099  21
6889  0.225391  21
6889.5  0.229799  21
6890  0.234479  21
6890.5  0.238901  21
6891  0.243508  21
6891.5  0.248297  21
6892  0.253005  21
6892.5  0.257981  21
6893  0.262961  21
6893.5  0.267854  21
6894  0.272837  21
6894.5  0.277821  21
6895  0.282986  21
6895.5  0.288153  21
6896  0.293233  21
6896.5  0.298318  21
6897  0.303315  21
6897.5  0.30849  21
6898  0.313756  21
6898.5  0.319112  21
6899  0.324209  21
6899.5  0.329667  21
6900  0.335044  21
6900.5  0.340521  21
6901  0.346008  21
6901.5  0.351504  21
6902  0.356916  21
6902.5  0.362422  21
6903  0.367931  21
6903.5  0.373441  21
6904  0.379219  21
6904.5  0.384731  21
6905  0.390337  21
6905.5  0.396033  21
6906  0.401554  21
6906.5  0.407347  21
6907  0.413231  21
6907.5  0.418936  21
6908  0.424732  21
6908.5  0.430441  21
6909  0.436156  21
6909.5  0.441879  21
6910  0.447702  21
6910.5  0.453537  21
6911  0.459293  21
6911.5  0.464968  21
6912  0.470829  21
6912.5  0.476695  21
6913  0.48283  21
6913.5  0.488786  21
6914  0.494654  21
6914.5  0.500615  21
6915  0.506489  21
6915.5  0.512095  21
6916  0.518064  21
6916.5  0.523676  21
6917  0.52929  21
6917.5  0.534814  21
6918  0.540788  21
6918.5  0.546404  21
6919  0.552206  21
6919.5  0.557926  21
6920  0.563476  21
6920.5  0.569312  21
6921  0.574979  21
6921.5  0.580474  21
6922  0.586155  21
6922.5  0.591567  21
6923  0.596978  21
6923.5  0.602389  21
6924  0.607711  21
6924.5  0.612945  21
6925  0.618181  21
6925.5  0.62351  21
6926  0.62875  21
6926.5  0.633992  21
6927  0.639328  21
6927.5  0.644482  21
6928  0.649361  21
6928.5  0.65424  21
6929  0.658851  21
6929.5  0.663834  21
6930  0.668647  21
6930.5  0.673293  21
6931  0.678225  21
6931.5  0.68298  21
6932  0.68765  21
6932.5  0.692408  21
6933  0.697074  21
6933.5  0.701833  21
6934  0.706319  21
6934.5  0.710715  21
6935  0.715113  21
6935.5  0.71933  21
6936  0.723638  21
6936.5  0.727856  21
6937  0.732076  21
6937.5  0.736296  21
6938  0.740422  21
6938.5  0.744363  21
6939  0.748308  21
6939.5  0.75226  21
6940  0.75604  21
6940.5  0.75956  21
6941  0.763274  21
6941.5  0.766627  21
6942  0.770164  21
6942.5  0.773513  21
6943  0.777047  21
6943.5  0.780212  21
6944  0.783564  21
6944.5  0.787007  21
6945  0.790358  21
6945.5  0.793527  21
6946  0.79651  21
6946.5  0.799771  21
6947  0.802756  21
6947.5  0.805741  21
6948  0.808446  21
6948.5  0.811241  21
6949  0.814314  21
6949.5  0.817116  21
6950  0.819838  21
6950.5  0.822666  21
6951  0.825134  21
6951.5  0.827789  21
6952  0.830348  21
6952.5  0.832722  21
6953  0.835373  21
6953.5  0.837746  21
6954  0.839746  21
6954.5  0.842211  21
6955  0.844397  21
6955.5  0.846677  21
6956  0.848955  21
6956.5  0.851606  21
6957  0.853699  21
6957.5  0.855977  21
6958  0.857881  21
6958.5  0.859967  21
6959  0.861493  21
6959.5  0.863677  21
6960  0.865313  21
6960.5  0.867244  21
6961  0.869184  21
6961.5  0.87075  21
6962  0.872406  21
6962.5  0.873874  21
6963  0.875247  21
6963.5  0.876714  21
6964  0.878366  21
6964.5  0.879831  21
6965  0.880734  21
6965.5  0.882103  21
6966  0.883285  21
6966.5  0.88484  21
6967  0.885926  21
6967.5  0.887479  21
6968  0.888751  21
6968.5  0.889829  21
6969  0.890718  21
6969.5  0.89161  21
6970  0.893172  21
6970.5  0.894185  21
6971  0.895203  21
6971.5  0.895935  21
6972  0.897042  21
6972.5  0.897865  21
6973  0.898782  21
6973.5  0.899792  21
6974  0.900801  21
6974.5  0.901431  21
6975  0.902532  21
6975.5  0.903349  21
6976  0.904355  21
6976.5  0.904887  21
6977  0.905512  21
6977.5  0.90623  21
6978  0.907326  21
6978.5  0.908265  21
6979  0.909227  21
6979.5  0.910142  21
6980  0.910848  21
6980.5  0.911601  21
6981  0.912144  21
6981.5  0.912412  21
6982  0.91268  21
6982.5  0.913044  21
6983  0.913597  21
6983.5  0.913865  21
6984  0.914133  21
6984.5  0.914402  21
6985  0.914765  21
6985.5  0.915508  21
6986  0.915587  21
6986.5  0.91614  21
6987  0.916787  21
6987.5  0.917245  21
6988  0.917988  21
6988.5  0.918541  21
6989  0.918999  21
6989.5  0.919173  21
6990  0.919821  21
6990.5  0.92047  21
6991  0.921214  21
6991.5  0.921579  21
6992  0.922038  21
6992.5  0.922498  21
6993  0.923147  21
6993.5  0.923986  21
6994  0.924161  21
6994.5  0.924525  21
6995  0.92489  21
6995.5  0.925634  21
6996  0.926094  21
6996.5  0.926268  21
6997  0.926918  21
6997.5  0.927662  21
6998  0.928598  21
6998.5  0.929152  21
6999  0.929614  21
6999.5  0.930075  21
7000  0.930911  21
7000.5  0.931743  21
7001  0.932765  21
7001.5  0.933502  21
7002  0.934049  21
7002.5  0.934501  21
7003  0.935143  21
7003.5  0.935881  21
7004  0.936522  21
7004.5  0.93707  21
7005  0.937903  21
7005.5  0.93883  21
7006  0.939568  21
7006.5  0.940116  21
7007  0.940473  21
7007.5  0.941592  21
7008  0.942616  21
7008.5  0.943639  21
7009  0.944377  21
7009.5  0.944545  21
7010  0.945663  21
7010.5  0.946688  21
7011  0.947332  21
7011.5  0.948166  21
7012  0.949  21
7012.5  0.950215  21
7013  0.950573  21
7013.5  0.951599  21
7014  0.951957  21
7014.5  0.952888  21
7015  0.954104  21
7015.5  0.954843  21
7016  0.955774  21
7016.5  0.956609  21
7017  0.95735  21
7017.5  0.957899  21
7018  0.958735  21
7018.5  0.959761  21
7019  0.960407  21
7019.5  0.961147  21
7020  0.961697  21
7020.5  0.962343  21
7021  0.962893  21
7021.5  0.963252  21
7022  0.963993  21
7022.5  0.964735  21
7023  0.965571  21
7023.5  0.966026  21
7024  0.966673  21
7024.5  0.967223  21
7025  0.967965  21
7025.5  0.968706  21
7026  0.968685  21
7026.5  0.969141  21
7027  0.969882  21
7027.5  0.970243  21
7028  0.970603  21
7028.5  0.970868  21
7029  0.971609  21
7029.5  0.971874  21
7030  0.972617  21
7030.5  0.972882  21
7031  0.972956  21
7031.5  0.973602  21
7032  0.973676  21
7032.5  0.97375  21
7033  0.974016  21
7033.5  0.974281  21
7034  0.974737  21
7034.5  0.974811  21
7035  0.975172  21
7035.5  0.975628  21
7036  0.975894  21
7036.5  0.975873  21
7037  0.976425  21
7037.5  0.976594  21
7038  0.976668  21
7038.5  0.976838  21
7039  0.976817  21
7039.5  0.976796  21
7040  0.976773  21
7040.5  0.976561  21
7041  0.976539  21
7041.5  0.976995  21
7042  0.977644  21
7042.5  0.977813  21
7043  0.978078  21
7043.5  0.978056  21
7044  0.97813  21
7044.5  0.978491  21
7045  0.97866  21
7045.5  0.978926  21
7046  0.979382  21
7046.5  0.979647  21
7047  0.980008  21
7047.5  0.980178  21
7048  0.980252  21
7048.5  0.980518  21
7049  0.980687  21
7049.5  0.980474  21
7050  0.980739  21
7050.5  0.980525  21
7051  0.980887  21
7051.5  0.981152  21
7052  0.980844  21
7052.5  0.981206  21
7053  0.98128  21
7053.5  0.981642  21
7054  0.981621  21
7054.5  0.981888  21
7055  0.982345  21
7055.5  0.982516  21
7056  0.982686  21
7056.5  0.982953  21
7057  0.983219  21
7057.5  0.983102  21
7058  0.982793  21
7058.5  0.983059  21
7059  0.983038  21
7059.5  0.983112  21
7060  0.98309  21
7060.5  0.982781  21
7061  0.982567  21
7061.5  0.982546  21
7062  0.981949  21
7062.5  0.981927  21
7063  0.981618  21
7063.5  0.9815  21
7064  0.982054  21
7064.5  0.981649  21
7065  0.981532  21
7065.5  0.981797  21
7066  0.981296  21
7066.5  0.981466  21
7067  0.980964  21
7067.5  0.980558  21
7068  0.980728  21
7068.5  0.980707  21
7069  0.980589  21
7069.5  0.980375  21
7070  0.980449  21
7070.5  0.980427  21
7071  0.980021  21
7071.5  0.979806  21
7072  0.979689  21
7072.5  0.979666  21
7073  0.979452  21
7073.5  0.979526  21
7074  0.9796  21
7074.5  0.979482  21
7075  0.979556  21
7075.5  0.979823  21
7076  0.979993  21
7076.5  0.980356  21
7077  0.980814  21
7077.5  0.980985  21
7078  0.981155  21
7078.5  0.981325  21
7079  0.981496  21
7079.5  0.981666  21
7080  0.981259  21
7080.5  0.98143  21
7081  0.981504  21
7081.5  0.981769  21
7082  0.982132  21
7082.5  0.982302  21
7083  0.982376  21
7083.5  0.982353  21
7084  0.981945  21
7084.5  0.981922  21
7085  0.982092  21
7085.5  0.982166  21
7086  0.982528  21
7086.5  0.982409  21
7087  0.982578  21
7087.5  0.982652  21
7088  0.982726  21
7088.5  0.982607  21
7089  0.98297  21
7089.5  0.983139  21
7090  0.983599  21
7090.5  0.983769  21
7091  0.983939  21
7091.5  0.984013  21
7092  0.98399  21
7092.5  0.984065  21
7093  0.984139  21
7093.5  0.984213  21
7094  0.984287  21
7094.5  0.984555  21
7095  0.984725  21
7095.5  0.984414  21
7096  0.984295  21
7096.5  0.984756  21
7097  0.985022  21
7097.5  0.985289  21
7098  0.985074  21
7098.5  0.985341  21
7099  0.985898  21
7099.5  0.986454  21
7100  0.987107  21
7100.5  0.987471  21
7101  0.98745  21
7101.5  0.987621  21
7102  0.987504  21
7102.5  0.987579  21
7103  0.987943  21
7103.5  0.988404  21
7104  0.988383  21
7104.5  0.988845  21
7105  0.988629  21
7105.5  0.988898  21
7106  0.98907  21
7106.5  0.989048  21
7107  0.988834  21
7107.5  0.989005  21
7108  0.989371  21
7108.5  0.989349  21
7109  0.989811  21
7109.5  0.989692  21
7110  0.98996  21
7110.5  0.990034  21
7111  0.990301  21
7111.5  0.990568  21
7112  0.990932  21
7112.5  0.991199  21
7113  0.99108  21
7113.5  0.991154  21
7114  0.991614  21
7114.5  0.991688  21
7115  0.991859  21
7115.5  0.991836  21
7116  0.991813  21
7116.5  0.992081  21
7117  0.992638  21
7117.5  0.993098  21
7118  0.99385  21
7118.5  0.994407  21
7119  0.994578  21
7119.5  0.99475  21
7120  0.995211  21
7120.5  0.995673  21
7121  0.996135  21
7121.5  0.996307  21
7122  0.996285  21
7122.5  0.996747  21
7123  0.9975  21
7123.5  0.997768  21
7124  0.99794  21
7124.5  0.998208  21
7125  0.998283  21
7125.5  0.998649  21
7126  0.998918  21
7126.5  0.998993  21
7127  0.999456  21
7127.5  0.999821  21
7128  1.00038  21
7128.5  1.00075  21
7129  1.0014  21
7129.5  1.00187  21
7130  1.00243  21
7130.5  1.00298  21
7131  1.00345  21
7131.5  1.00372  21
7132  1.00418  21
7132.5  1.00464  21
7133  1.00491  21
7133.5  1.00528  21
7134  1.00535  21
7134.5  1.00552  21
7135  1.00579  21
7135.5  1.00599  21
7136  1.00669  21
7136.5  1.00708  21
7137  1.0076  21
7137.5  1.00839  21
7138  1.00911  21
7138.5  1.00913  21
7139  1.00889  21
7139.5  1.00901  21
7140  1.00848  21
7140.5  1.0077  21
7141  1.00671  21
7141.5  1.00612  21
7142  1.00552  21
7142.5  1.00493  21
7143  1.00404  21
7143.5  1.00326  21
7144  1.0018  21
7144.5  1.00053  21
7145  0.999551  21
7145.5  0.998287  21
7146  0.997122  21
7146.5  0.995958  21
7147  0.994892  21
7147.5  0.994209  21
7148  0.992759  21
7148.5  0.991308  21
7149  0.989951  21
7149.5  0.988498  21
7150  0.986851  21
7150.5  0.985298  21
7151  0.983935  21
7151.5  0.98248  21
7152  0.981217  21
7152.5  0.979668  21
7153  0.978027  21
7153.5  0.976197  21
7154  0.974464  21
7154.5  0.973208  21
7155  0.972144  21
7155.5  0.970608  21
7156  0.969169  21
7156.5  0.967637  21
7157  0.965918  21
7157.5  0.964483  21
7158  0.962483  21
7158.5  0.960388  21
7159  0.958483  21
7159.5  0.956766  21
7160  0.955234  21
7160.5  0.953703  21
7161  0.95189  21
7161.5  0.950173  21
7162  0.947989  21
7162.5  0.945432  21
7163  0.943535  21
7163.5  0.941546  21
7164  0.939466  21
7164.5  0.937389  21
7165  0.935315  21
7165.5  0.933525  21
7166  0.93183  21
7166.5  0.929951  21
7167  0.928259  21
7167.5  0.92629  21
7168  0.924044  21
7168.5  0.921612  21
7169  0.919554  21
7169.5  0.917403  21
7170  0.915436  21
7170.5  0.913006  21
7171  0.910302  21
7171.5  0.907602  21
7172  0.904813  21
7172.5  0.902488  21
7173  0.900442  21
7173.5  0.898031  21
7174  0.895703  21
7174.5  0.893268  21
7175  0.890642  21
7175.5  0.887774  21
7176  0.884976  21
7176.5  0.882466  21
7177  0.879461  21
7177.5  0.876906  21
7178  0.874385  21
7178.5  0.872295  21
7179  0.869854  21
7179.5  0.867276  21
7180  0.865689  21
7180.5  0.864186  21
7181  0.862909  21
7181.5  0.860885  21
7182  0.859187  21
7182.5  0.857489  21
7183  0.855423  21
7183.5  0.853812  21
7184  0.851924  21
7184.5  0.850125  21
7185  0.848323  21
7185.5  0.846338  21
7186  0.844166  21
7186.5  0.842084  21
7187  0.840091  21
7187.5  0.838279  21
7188  0.836465  21
7188.5  0.834191  21
7189  0.832098  21
7189.5  0.829269  21
7190  0.826987  21
7190.5  0.824705  21
7191  0.821959  21
7191.5  0.819579  21
7192  0.816645  21
7192.5  0.813799  21
7193  0.811042  21
7193.5  0.808466  21
7194  0.805703  21
7194.5  0.80266  21
7195  0.799797  21
7195.5  0.797117  21
7196  0.794526  21
7196.5  0.791378  21
7197  0.788134  21
7197.5  0.785257  21
7198  0.781823  21
7198.5  0.778663  21
7199  0.775407  21
7199.5  0.771778  21
7200  0.768795  21
7200.5  0.765532  21
7201  0.761894  21
7201.5  0.758438  21
7202  0.754886  21
7202.5  0.751702  21
7203  0.748049  21
7203.5  0.744486  21
7204  0.740453  21
7204.5  0.736976  21
7205  0.733122  21
7205.5  0.729357  21
7206  0.725402  21
7206.5  0.721443  21
7207  0.71776  21
7207.5  0.713886  21
7208  0.710383  21
7208.5  0.706316  21
7209  0.702526  21
7209.5  0.69817  21
7210  0.694372  21
7210.5  0.690477  21
7211  0.68611  21
7211.5  0.681832  21
7212  0.676988  21
7212.5  0.67289  21
7213  0.668802  21
7213.5  0.664257  21
7214  0.659909  21
7214.5  0.655658  21
7215  0.65103  21
7215.5  0.646584  21
7216  0.641657  21
7216.5  0.637281  21
7217  0.633169  21
7217.5  0.628657  21
7218  0.624024  21
7218.5  0.619268  21
7219  0.614949  21
7219.5  0.609932  21
7220  0.605536  21
7220.5  0.600627  21
7221  0.595784  21
7221.5  0.591024  21
7222  0.586175  21
7222.5  0.581521  21
7223  0.576582  21
7223.5  0.571548  21
7224  0.566607  21
7224.5  0.56157  21
7225  0.556627  21
7225.5  0.551588  21
7226  0.546736  21
7226.5  0.541885  21
7227  0.537031  21
7227.5  0.53246  21
7228  0.528077  21
7228.5  0.523316  21
7229  0.518081  21
7229.5  0.513222  21
7230  0.508552  21
7230.5  0.503691  21
7231  0.499114  21
7231.5  0.494252  21
7232  0.489482  21
7232.5  0.484996  21
7233  0.479941  21
7233.5  0.47498  21
7234  0.470396  21
7234.5  0.465337  21
7235  0.460372  21
7235.5  0.455501  21
7236  0.450533  21
7236.5  0.445754  21
7237  0.44088  21
7237.5  0.436098  21
7238  0.43141  21
7238.5  0.426532  21
7239  0.422032  21
7239.5  0.417436  21
7240  0.412933  21
7240.5  0.408146  21
7241  0.403546  21
7241.5  0.398946  21
7242  0.393966  21
7242.5  0.389078  21
7243  0.384664  21
7243.5  0.37968  21
7244  0.37517  21
7244.5  0.370278  21
7245  0.365955  21
7245.5  0.361441  21
7246  0.356736  21
7246.5  0.35222  21
7247  0.347608  21
7247.5  0.343185  21
7248  0.338665  21
7248.5  0.333955  21
7249  0.329529  21
7249.5  0.325006  21
7250  0.320578  21
7250.5  0.316433  21
7251  0.311907  21
7251.5  0.307665  21
7252  0.303423  21
7252.5  0.299274  21
7253  0.295029  21
7253.5  0.290974  21
7254  0.286727  21
7254.5  0.282574  21
7255  0.278421  21
7255.5  0.274267  21
7256  0.270112  21
7256.5  0.266146  21
7257  0.262179  21
7257.5  0.258211  21
7258  0.254432  21
7258.5  0.250463  21
7259  0.246397  21
7259.5  0.242713  21
7260  0.23855  21
7260.5  0.235149  21
7261  0.23127  21
7261.5  0.227771  21
7262  0.224273  21
7262.5  0.220677  21
7263  0.217272  21
7263.5  0.213866  21
7264  0.210268  21
7264.5  0.206861  21
7265  0.203356  21
7265.5  0.199948  21
7266  0.196537  21
7266.5  0.193221  21
7267  0.190001  21
7267.5  0.186875  21
7268  0.183652  21
7268.5  0.180428  21
7269  0.177205  21
7269.5  0.174076  21
7270  0.170945  21
7270.5  0.167815  21
7271  0.164779  21
7271.5  0.161838  21
7272  0.158992  21
7272.5  0.156336  21
7273  0.153488  21
7273.5  0.15064  21
7274  0.147791  21
7274.5  0.145323  21
7275  0.142761  21
7275.5  0.140005  21
7276  0.13744  21
7276.5  0.134875  21
7277  0.132405  21
7277.5  0.129743  21
7278  0.127176  21
7278.5  0.124799  21
7279  0.122327  21
7279.5  0.120045  21
7280  0.117954  21
7280.5  0.115575  21
7281  0.113483  21
7281.5  0.111295  21
7282  0.109202  21
7282.5  0.107205  21
7283  0.105111  21
7283.5  0.103112  21
7284  0.101017  21
7284.5  0.0990179  21
7285  0.0973052  21
7285.5  0.0954389  21
7286  0.0935338  21
7286.5  0.0918389  21
7287  0.0899426  21
7287.5  0.0881129  21
7288  0.0862924  21
7288.5  0.0843852  21
7289  0.0826118  21
7289.5  0.0809722  21
7290  0.0794282  21
7290.5  0.077596  21
7291  0.0761567  21
7291.5  0.0748705  21
7292  0.0732772  21
7292.5  0.071645  21
7293  0.0702139  21
7293.5  0.0686577  21
7294  0.0674447  21
7294.5  0.0659708  21
7295  0.0646875  21
7295.5  0.0633076  21
7296  0.061918  21
7296.5  0.0606536  21
7297  0.0592939  21
7297.5  0.0580795  21
7298  0.0569052  21
7298.5  0.0556175  21
7299  0.054505  21
7299.5  0.0533567  21
7300  0.052163  21
7300.5  0.051126  21
7301  0.0499563  21
7301.5  0.0489993  21
7302  0.0479847  21
7302.5  0.0470175  21
7303  0.0461455  21
7303.5  0.0452136  21
7304  0.044232  21
7304.5  0.0432882  21
7305  0.0424012  21
7305.5  0.0415521  21
7306  0.0405766  21
7306.5  0.0398128  21
7307  0.0389612  21
7307.5  0.0380797  21
7308  0.0372554  21
7308.5  0.0365757  21
7309  0.0358274  21
7309.5  0.0350979  21
7310  0.0343385  21
7310.5  0.0336074  21
7311  0.0327785  21
7311.5  0.0321335  21
7312  0.0314489  21
7312.5  0.0308221  21
7313  0.0302626  21
7313.5  0.0295956  21
7314  0.029074  21
7314.5  0.0284252  21
7315  0.0278051  21
7315.5  0.0271745  21
7316  0.0267873  21
7316.5  0.0261557  21
7317  0.0255722  21
7317.5  0.0250371  21
7318  0.0244917  21
7318.5  0.0240338  21
7319  0.0234776  21
7319.5  0.0229503  21
7320  0.0224811  21
7320.5  0.02209  21
7321  0.02162  21
7321.5  0.0211692  21
7322  0.0208456  21
7322.5  0.0205216  21
7323  0.0200696  21
7323.5  0.019627  21
7324  0.0192627  21
7324.5  0.0188389  21
7325  0.0185033  21
7325.5  0.0182265  21
7326  0.017841  21
7326.5  0.0175538  21
7327  0.0173353  21
7327.5  0.0169686  21
7328  0.0166903  21
7328.5  0.0163526  21
7329  0.0160245  21
7329.5  0.0157453  21
7330  0.0154066  21
7330.5  0.0151072  21
7331  0.0148174  21
7331.5  0.0145471  21
7332  0.0142665  21
7332.5  0.0140849  21
7333  0.0137841  21
7333.5  0.013473  21
7334  0.0131617  21
7334.5  0.0128008  21
7335  0.0125789  21
7335.5  0.0123968  21
7336  0.0121549  21
7336.5  0.012042  21
7337  0.0118393  21
7337.5  0.0116859  21
7338  0.0114823  21
7338.5  0.0111384  21
7339  0.0109732  21
7339.5  0.0107175  21
7340  0.0105407  21
7350  0  21
# 982 ./Suprime.IB738 0 22
7107.5  0  22
7117.5  0.00984051  22
7118  0.010153  22
7118.5  0.0103999  22
7119  0.0107458  22
7119.5  0.0110423  22
7120  0.0115485  22
7120.5  0.0118505  22
7121  0.0120772  22
7121.5  0.0124438  22
7122  0.0129932  22
7122.5  0.0134891  22
7123  0.0137375  22
7123.5  0.0141796  22
7124  0.0144819  22
7124.5  0.0148058  22
7125  0.0150221  22
7125.5  0.0154968  22
7126  0.0160792  22
7126.5  0.0164678  22
7127  0.0170504  22
7127.5  0.0174391  22
7128  0.0178926  22
7128.5  0.018217  22
7129  0.0187783  22
7129.5  0.0191565  22
7130  0.019901  22
7130.5  0.0205056  22
7131  0.0209703  22
7131.5  0.0216504  22
7132  0.0221583  22
7132.5  0.0227848  22
7133  0.0232929  22
7133.5  0.0239518  22
7134  0.0246756  22
7134.5  0.0254749  22
7135  0.0261018  22
7135.5  0.0267403  22
7136  0.0272097  22
7136.5  0.0280048  22
7137  0.0290493  22
7137.5  0.0298673  22
7138  0.0305974  22
7138.5  0.0312487  22
7139  0.0321862  22
7139.5  0.0331273  22
7140  0.0340159  22
7140.5  0.0350241  22
7141  0.0359548  22
7141.5  0.0367766  22
7142  0.0378766  22
7142.5  0.0390609  22
7143  0.0402648  22
7143.5  0.041456  22
7144  0.0428489  22
7144.5  0.0443146  22
7145  0.0456175  22
7145.5  0.0471642  22
7146  0.0482279  22
7146.5  0.0495887  22
7147  0.0509473  22
7147.5  0.0521973  22
7148  0.0536155  22
7148.5  0.0554358  22
7149  0.0567956  22
7149.5  0.0585145  22
7150  0.0600392  22
7150.5  0.061593  22
7151  0.0632397  22
7151.5  0.064852  22
7152  0.0666944  22
7152.5  0.0682905  22
7153  0.0697257  22
7153.5  0.0714012  22
7154  0.07319  22
7154.5  0.075271  22
7155  0.0772329  22
7155.5  0.0792338  22
7156  0.0814943  22
7156.5  0.0839613  22
7157  0.0863298  22
7157.5  0.088579  22
7158  0.090751  22
7158.5  0.0928774  22
7159  0.0951361  22
7159.5  0.0975163  22
7160  0.0998818  22
7160.5  0.102107  22
7161  0.104725  22
7161.5  0.107037  22
7162  0.109553  22
7162.5  0.11248  22
7163  0.115507  22
7163.5  0.118425  22
7164  0.121131  22
7164.5  0.124039  22
7165  0.127253  22
7165.5  0.130152  22
7166  0.13346  22
7166.5  0.136349  22
7167  0.139852  22
7167.5  0.143555  22
7168  0.146841  22
7168.5  0.150429  22
7169  0.154114  22
7169.5  0.157689  22
7170  0.161772  22
7170.5  0.165435  22
7171  0.168991  22
7171.5  0.173156  22
7172  0.1768  22
7172.5  0.180644  22
7173  0.184583  22
7173.5  0.188719  22
7174  0.19305  22
7174.5  0.197248  22
7175  0.201413  22
7175.5  0.205758  22
7176  0.209984  22
7176.5  0.214406  22
7177  0.218827  22
7177.5  0.223463  22
7178  0.228423  22
7178.5  0.233112  22
7179  0.237644  22
7179.5  0.242841  22
7180  0.24801  22
7180.5  0.253257  22
7181  0.258852  22
7181.5  0.264043  22
7182  0.269126  22
7182.5  0.27462  22
7183  0.280017  22
7183.5  0.285521  22
7184  0.290928  22
7184.5  0.296441  22
7185  0.301858  22
7185.5  0.307686  22
7186  0.31291  22
7186.5  0.318951  22
7187  0.324793  22
7187.5  0.330031  22
7188  0.3367  22
7188.5  0.342152  22
7189  0.34771  22
7189.5  0.353784  22
7190  0.359761  22
7190.5  0.36605  22
7191  0.371528  22
7191.5  0.377724  22
7192  0.383928  22
7192.5  0.390034  22
7193  0.396043  22
7193.5  0.402365  22
7194  0.408385  22
7194.5  0.415229  22
7195  0.421669  22
7195.5  0.427807  22
7196  0.43426  22
7196.5  0.440614  22
7197  0.447282  22
7197.5  0.453545  22
7198  0.460123  22
7198.5  0.466809  22
7199  0.473296  22
7199.5  0.480097  22
7200  0.48639  22
7200.5  0.492998  22
7201  0.499613  22
7201.5  0.50582  22
7202  0.512858  22
7202.5  0.519283  22
7203  0.525713  22
7203.5  0.532253  22
7204  0.538798  22
7204.5  0.545659  22
7205  0.553042  22
7205.5  0.559811  22
7206  0.566275  22
7206.5  0.573057  22
7207  0.580154  22
7207.5  0.586325  22
7208  0.59302  22
7208.5  0.599617  22
7209  0.605805  22
7209.5  0.611686  22
7210  0.617989  22
7210.5  0.624089  22
7211  0.630508  22
7211.5  0.637035  22
7212  0.642839  22
7212.5  0.648752  22
7213  0.653955  22
7213.5  0.660536  22
7214  0.666614  22
7214.5  0.67229  22
7215  0.677871  22
7215.5  0.683664  22
7216  0.690191  22
7216.5  0.696086  22
7217  0.701868  22
7217.5  0.708158  22
7218  0.71359  22
7218.5  0.718997  22
7219  0.725001  22
7219.5  0.731073  22
7220  0.735949  22
7220.5  0.741619  22
7221  0.745788  22
7221.5  0.750996  22
7222  0.756001  22
7222.5  0.760176  22
7223  0.76383  22
7223.5  0.768427  22
7224  0.772501  22
7224.5  0.776891  22
7225  0.781491  22
7225.5  0.786827  22
7226  0.791429  22
7226.5  0.795089  22
7227  0.798958  22
7227.5  0.802724  22
7228  0.807015  22
7228.5  0.810993  22
7229  0.814866  22
7229.5  0.817796  22
7230  0.821252  22
7230.5  0.825024  22
7231  0.828482  22
7231.5  0.831099  22
7232  0.833717  22
7232.5  0.836861  22
7233  0.839796  22
7233.5  0.84189  22
7234  0.844826  22
7234.5  0.847236  22
7235  0.849228  22
7235.5  0.850797  22
7236  0.852894  22
7236.5  0.854886  22
7237  0.857299  22
7237.5  0.859502  22
7238  0.8616  22
7238.5  0.863594  22
7239  0.866114  22
7239.5  0.868319  22
7240  0.871156  22
7240.5  0.872836  22
7241  0.874727  22
7241.5  0.875249  22
7242  0.87693  22
7242.5  0.879138  22
7243  0.880502  22
7243.5  0.881341  22
7244  0.882496  22
7244.5  0.883968  22
7245  0.884914  22
7245.5  0.887334  22
7246  0.888701  22
7246.5  0.890174  22
7247  0.891858  22
7247.5  0.893227  22
7248  0.8947  22
7248.5  0.896596  22
7249  0.898493  22
7249.5  0.900283  22
7250  0.901441  22
7250.5  0.902705  22
7251  0.903652  22
7251.5  0.905233  22
7252  0.906708  22
7252.5  0.906916  22
7253  0.908498  22
7253.5  0.9086  22
7254  0.909337  22
7254.5  0.91113  22
7255  0.912607  22
7255.5  0.913026  22
7256  0.913658  22
7256.5  0.914713  22
7257  0.915555  22
7257.5  0.916611  22
7258  0.917348  22
7258.5  0.91703  22
7259  0.917875  22
7259.5  0.919776  22
7260  0.921151  22
7260.5  0.921468  22
7261  0.922526  22
7261.5  0.922842  22
7262  0.924218  22
7262.5  0.925382  22
7263  0.926334  22
7263.5  0.926547  22
7264  0.928241  22
7264.5  0.927817  22
7265  0.927606  22
7265.5  0.928029  22
7266  0.928241  22
7266.5  0.928983  22
7267  0.930042  22
7267.5  0.93036  22
7268  0.930042  22
7268.5  0.93089  22
7269  0.931526  22
7269.5  0.93301  22
7270  0.933859  22
7270.5  0.934177  22
7271  0.934708  22
7271.5  0.936299  22
7272  0.935981  22
7272.5  0.937042  22
7273  0.937043  22
7273.5  0.93821  22
7274  0.938635  22
7274.5  0.939909  22
7275  0.940228  22
7275.5  0.940229  22
7276  0.940549  22
7276.5  0.94108  22
7277  0.941612  22
7277.5  0.942143  22
7278  0.941719  22
7278.5  0.940658  22
7279  0.940659  22
7279.5  0.941402  22
7280  0.940021  22
7280.5  0.940553  22
7281  0.939172  22
7281.5  0.940023  22
7282  0.939916  22
7282.5  0.940236  22
7283  0.94013  22
7283.5  0.940343  22
7284  0.940024  22
7284.5  0.94013  22
7285  0.939386  22
7285.5  0.938002  22
7286  0.937576  22
7286.5  0.935767  22
7287  0.935022  22
7287.5  0.933637  22
7288  0.933423  22
7288.5  0.931826  22
7289  0.931612  22
7289.5  0.930121  22
7290  0.928416  22
7290.5  0.92703  22
7291  0.92671  22
7291.5  0.92575  22
7292  0.92415  22
7292.5  0.923936  22
7293  0.923081  22
7293.5  0.921906  22
7294  0.921344  22
7294.5  0.921399  22
7295  0.919839  22
7295.5  0.918378  22
7296  0.918942  22
7296.5  0.91898  22
7297  0.920098  22
7297.5  0.918785  22
7298  0.918569  22
7298.5  0.91871  22
7299  0.918575  22
7299.5  0.918279  22
7300  0.919216  22
7300.5  0.919898  22
7301  0.920737  22
7301.5  0.921616  22
7302  0.921983  22
7302.5  0.923322  22
7303  0.924118  22
7303.5  0.924144  22
7304  0.924268  22
7304.5  0.925356  22
7305  0.925587  22
7305.5  0.926354  22
7306  0.927014  22
7306.5  0.927997  22
7307  0.929087  22
7307.5  0.929964  22
7308  0.931486  22
7308.5  0.931824  22
7309  0.932271  22
7309.5  0.933257  22
7310  0.934027  22
7310.5  0.934151  22
7311  0.935461  22
7311.5  0.936773  22
7312  0.937762  22
7312.5  0.93821  22
7313  0.938118  22
7313.5  0.938997  22
7314  0.93977  22
7314.5  0.940326  22
7315  0.940232  22
7315.5  0.941438  22
7316  0.941559  22
7316.5  0.941139  22
7317  0.94061  22
7317.5  0.941273  22
7318  0.941828  22
7318.5  0.942709  22
7319  0.943374  22
7319.5  0.944365  22
7320  0.945683  22
7320.5  0.946241  22
7321  0.947997  22
7321.5  0.949427  22
7322  0.951077  22
7322.5  0.952509  22
7323  0.952414  22
7323.5  0.953411  22
7324  0.953754  22
7324.5  0.954424  22
7325  0.955203  22
7325.5  0.956311  22
7326  0.957529  22
7326.5  0.959185  22
7327  0.960186  22
7327.5  0.960639  22
7328  0.960107  22
7328.5  0.960559  22
7329  0.96189  22
7329.5  0.962233  22
7330  0.962905  22
7330.5  0.962589  22
7331  0.96381  22
7331.5  0.964262  22
7332  0.964384  22
7332.5  0.964836  22
7333  0.965619  22
7333.5  0.966403  22
7334  0.967187  22
7334.5  0.967884  22
7335  0.968385  22
7335.5  0.969124  22
7336  0.969319  22
7336.5  0.969845  22
7337  0.970139  22
7337.5  0.969861  22
7338  0.969886  22
7338.5  0.969653  22
7339  0.969704  22
7339.5  0.970478  22
7340  0.970411  22
7340.5  0.971051  22
7341  0.97141  22
7341.5  0.971169  22
7342  0.970228  22
7342.5  0.970156  22
7343  0.970188  22
7343.5  0.970337  22
7344  0.970951  22
7344.5  0.970477  22
7345  0.970892  22
7345.5  0.972305  22
7346  0.972941  22
7346.5  0.9738  22
7347  0.974214  22
7347.5  0.975406  22
7348  0.977375  22
7348.5  0.978124  22
7349  0.978761  22
7349.5  0.979176  22
7350  0.979258  22
7350.5  0.980118  22
7351  0.980866  22
7351.5  0.982169  22
7352  0.983697  22
7352.5  0.984  22
7353  0.984417  22
7353.5  0.98561  22
7354  0.987581  22
7354.5  0.988998  22
7355  0.989527  22
7355.5  0.989612  22
7356  0.991698  22
7356.5  0.993006  22
7357  0.993315  22
7357.5  0.994178  22
7358  0.995152  22
7358.5  0.995568  22
7359  0.99665  22
7359.5  0.997841  22
7360  0.998473  22
7360.5  0.999103  22
7361  0.999619  22
7361.5  0.999464  22
7362  0.999419  22
7362.5  0.999151  22
7363  0.999996  22
7363.5  0.999394  22
7364  0.998904  22
7364.5  0.998859  22
7365  0.99926  22
7365.5  0.999662  22
7366  1.00051  22
7366.5  1.00047  22
7367  1.00076  22
7367.5  1.00082  22
7368  1.00011  22
7368.5  1.00051  22
7369  1.00103  22
7369.5  0.99998  22
7370  0.999157  22
7370.5  0.998667  22
7371  0.99918  22
7371.5  0.998356  22
7372  0.997867  22
7372.5  0.997488  22
7373  0.998893  22
7373.5  0.99885  22
7374  0.998471  22
7374.5  0.998538  22
7375  0.997938  22
7375.5  0.998005  22
7376  0.997181  22
7376.5  0.997806  22
7377  0.998208  22
7377.5  0.998609  22
7378  0.998342  22
7378.5  0.999636  22
7379  0.999704  22
7379.5  0.999995  22
7380  1.0004  22
7380.5  1.00035  22
7381  1.00042  22
7381.5  0.999597  22
7382  0.998772  22
7382.5  0.998952  22
7383  0.998015  22
7383.5  0.997972  22
7384  0.99804  22
7384.5  0.999111  22
7385  0.999068  22
7385.5  0.999025  22
7386  0.999204  22
7386.5  0.998713  22
7387  0.998223  22
7387.5  0.998738  22
7388  0.998135  22
7388.5  0.998315  22
7389  0.997154  22
7389.5  0.996886  22
7390  0.996507  22
7390.5  0.995457  22
7391  0.995189  22
7391.5  0.99358  22
7392  0.994095  22
7392.5  0.992486  22
7393  0.990987  22
7393.5  0.989825  22
7394  0.98978  22
7394.5  0.988282  22
7395  0.987007  22
7395.5  0.986403  22
7396  0.984456  22
7396.5  0.983741  22
7397  0.98336  22
7397.5  0.983091  22
7398  0.982709  22
7398.5  0.981098  22
7399  0.981499  22
7399.5  0.980559  22
7400  0.979507  22
7400.5  0.978007  22
7401  0.976954  22
7401.5  0.977245  22
7402  0.975633  22
7402.5  0.97458  22
7403  0.974535  22
7403.5  0.974713  22
7404  0.973436  22
7404.5  0.971039  22
7405  0.970434  22
7405.5  0.970052  22
7406  0.96967  22
7406.5  0.969401  22
7407  0.968123  22
7407.5  0.967964  22
7408  0.967021  22
7408.5  0.967424  22
7409  0.967041  22
7409.5  0.966211  22
7410  0.965268  22
7410.5  0.964549  22
7411  0.964503  22
7411.5  0.963336  22
7412  0.963513  22
7412.5  0.963354  22
7413  0.963083  22
7413.5  0.962699  22
7414  0.962092  22
7414.5  0.962269  22
7415  0.961326  22
7415.5  0.96083  22
7416  0.960222  22
7416.5  0.959839  22
7417  0.95968  22
7417.5  0.959184  22
7418  0.959137  22
7418.5  0.959202  22
7419  0.958818  22
7419.5  0.957089  22
7420  0.957825  22
7420.5  0.957554  22
7421  0.956721  22
7421.5  0.955326  22
7422  0.955503  22
7422.5  0.954893  22
7423  0.954509  22
7423.5  0.954124  22
7424  0.95374  22
7424.5  0.952457  22
7425  0.951847  22
7425.5  0.951013  22
7426  0.949954  22
7426.5  0.949457  22
7427  0.948511  22
7427.5  0.947788  22
7428  0.946392  22
7428.5  0.945894  22
7429  0.944835  22
7429.5  0.944337  22
7430  0.94395  22
7430.5  0.943002  22
7431  0.94183  22
7431.5  0.941332  22
7432  0.94117  22
7432.5  0.939998  22
7433  0.937477  22
7433.5  0.936303  22
7434  0.935017  22
7434.5  0.934294  22
7435  0.933344  22
7435.5  0.93262  22
7436  0.931333  22
7436.5  0.93016  22
7437  0.929548  22
7437.5  0.927586  22
7438  0.9263  22
7438.5  0.926474  22
7439  0.926536  22
7439.5  0.92671  22
7440  0.926322  22
7440.5  0.925934  22
7441  0.926109  22
7441.5  0.925946  22
7442  0.926233  22
7442.5  0.925507  22
7443  0.92467  22
7443.5  0.925406  22
7444  0.926256  22
7444.5  0.925755  22
7445  0.924466  22
7445.5  0.924528  22
7446  0.924027  22
7446.5  0.924314  22
7447  0.923476  22
7447.5  0.922974  22
7448  0.923599  22
7448.5  0.922984  22
7449  0.923947  22
7449.5  0.924234  22
7450  0.924859  22
7450.5  0.924246  22
7451  0.923294  22
7451.5  0.922907  22
7452  0.921955  22
7452.5  0.92337  22
7453  0.922418  22
7453.5  0.923607  22
7454  0.923558  22
7454.5  0.922832  22
7455  0.92188  22
7455.5  0.920929  22
7456  0.919526  22
7456.5  0.919475  22
7457  0.918636  22
7457.5  0.918473  22
7458  0.916844  22
7458.5  0.915779  22
7459  0.915615  22
7459.5  0.914099  22
7460  0.913033  22
7460.5  0.912417  22
7461  0.911802  22
7461.5  0.909945  22
7462  0.907976  22
7462.5  0.905893  22
7463  0.905503  22
7463.5  0.904435  22
7464  0.902238  22
7464.5  0.902298  22
7465  0.901342  22
7465.5  0.899597  22
7466  0.897512  22
7466.5  0.895993  22
7467  0.895036  22
7467.5  0.893967  22
7468  0.892898  22
7468.5  0.890023  22
7469  0.889292  22
7469.5  0.887996  22
7470  0.885344  22
7470.5  0.882356  22
7471  0.87993  22
7471.5  0.877616  22
7472  0.876432  22
7472.5  0.873893  22
7473  0.871466  22
7473.5  0.869152  22
7474  0.867966  22
7474.5  0.867346  22
7475  0.865483  22
7475.5  0.862828  22
7476  0.86119  22
7476.5  0.859214  22
7477  0.856784  22
7477.5  0.855598  22
7478  0.853959  22
7478.5  0.852094  22
7479  0.850681  22
7479.5  0.847459  22
7480  0.84435  22
7480.5  0.840336  22
7481  0.837565  22
7481.5  0.834794  22
7482  0.833154  22
7482.5  0.83106  22
7483  0.828288  22
7483.5  0.824724  22
7484  0.821612  22
7484.5  0.819292  22
7485  0.816065  22
7485.5  0.81284  22
7486  0.810291  22
7486.5  0.807969  22
7487  0.805647  22
7487.5  0.803438  22
7488  0.800096  22
7488.5  0.797772  22
7489  0.795449  22
7489.5  0.792218  22
7490  0.788989  22
7490.5  0.784625  22
7491  0.780261  22
7491.5  0.777142  22
7492  0.773117  22
7492.5  0.769544  22
7493  0.767442  22
7493.5  0.763982  22
7494  0.7612  22
7494.5  0.757739  22
7495  0.754163  22
7495.5  0.751493  22
7496  0.74871  22
7496.5  0.745247  22
7497  0.741443  22
7497.5  0.738772  22
7498  0.73508  22
7498.5  0.731842  22
7499  0.729623  22
7499.5  0.727744  22
7500  0.724731  22
7500.5  0.721718  22
7501  0.719385  22
7501.5  0.715351  22
7502  0.712789  22
7502.5  0.709209  22
7503  0.705059  22
7503.5  0.701476  22
7504  0.69778  22
7504.5  0.693516  22
7505  0.689592  22
7505.5  0.686574  22
7506  0.683896  22
7506.5  0.67997  22
7507  0.676498  22
7507.5  0.672117  22
7508  0.667849  22
7508.5  0.664261  22
7509  0.659765  22
7509.5  0.655269  22
7510  0.650658  22
7510.5  0.646388  22
7511  0.642116  22
7511.5  0.637958  22
7512  0.633459  22
7512.5  0.630207  22
7513  0.62707  22
7513.5  0.622569  22
7514  0.61818  22
7514.5  0.612656  22
7515  0.606335  22
7515.5  0.601946  22
7516  0.596873  22
7516.5  0.592027  22
7517  0.585476  22
7517.5  0.580742  22
7518  0.574759  22
7518.5  0.569342  22
7519  0.565061  22
7519.5  0.559301  22
7520  0.554451  22
7520.5  0.549145  22
7521  0.543157  22
7521.5  0.537168  22
7522  0.530496  22
7522.5  0.526098  22
7523  0.52147  22
7523.5  0.516388  22
7524  0.511305  22
7524.5  0.50463  22
7525  0.49818  22
7525.5  0.492413  22
7526  0.486416  22
7526.5  0.47951  22
7527  0.473171  22
7527.5  0.466377  22
7528  0.460263  22
7528.5  0.453466  22
7529  0.447124  22
7529.5  0.441349  22
7530  0.434777  22
7530.5  0.429912  22
7531  0.424477  22
7531.5  0.417788  22
7532  0.41201  22
7532.5  0.406345  22
7533  0.402272  22
7533.5  0.396946  22
7534  0.391962  22
7534.5  0.386522  22
7535  0.380853  22
7535.5  0.375866  22
7536  0.370195  22
7536.5  0.36498  22
7537  0.359878  22
7537.5  0.354432  22
7538  0.349215  22
7538.5  0.343769  22
7539  0.337752  22
7539.5  0.333216  22
7540  0.328336  22
7540.5  0.324484  22
7541  0.319831  22
7541.5  0.314951  22
7542  0.31064  22
7542.5  0.307127  22
7543  0.30156  22
7543.5  0.297361  22
7544  0.293618  22
7544.5  0.289988  22
7545  0.28499  22
7545.5  0.280218  22
7546  0.275674  22
7546.5  0.270673  22
7547  0.266813  22
7547.5  0.262838  22
7548  0.258406  22
7548.5  0.253745  22
7549  0.248513  22
7549.5  0.243965  22
7550  0.239416  22
7550.5  0.236123  22
7551  0.231915  22
7551.5  0.227479  22
7552  0.22327  22
7552.5  0.219176  22
7553  0.215195  22
7553.5  0.211555  22
7554  0.207802  22
7554.5  0.203248  22
7555  0.199379  22
7555.5  0.195395  22
7556  0.19084  22
7556.5  0.186284  22
7557  0.182413  22
7557.5  0.178884  22
7558  0.174441  22
7558.5  0.170568  22
7559  0.167838  22
7559.5  0.164764  22
7560  0.160546  22
7560.5  0.156557  22
7561  0.153596  22
7561.5  0.149606  22
7562  0.1463  22
7562.5  0.14368  22
7563  0.140145  22
7563.5  0.136724  22
7564  0.133647  22
7564.5  0.130681  22
7565  0.127946  22
7565.5  0.12498  22
7566  0.122015  22
7566.5  0.119049  22
7567  0.115854  22
7567.5  0.113024  22
7568  0.110413  22
7568.5  0.108311  22
7569  0.105831  22
7569.5  0.10308  22
7570  0.100818  22
7570.5  0.0991871  22
7571  0.0973893  22
7571.5  0.0954617  22
7572  0.0935447  22
7572.5  0.0917321  22
7573  0.0904249  22
7573.5  0.0881446  22
7574  0.0865448  22
7574.5  0.0849329  22
7575  0.0823699  22
7575.5  0.0805935  22
7576  0.0789129  22
7576.5  0.077058  22
7577  0.0748958  22
7577.5  0.0738586  22
7578  0.0727629  22
7578.5  0.0702876  22
7579  0.0688546  22
7579.5  0.0672798  22
7580  0.0653153  22
7580.5  0.0637144  22
7581  0.0617649  22
7581.5  0.0599972  22
7582  0.0583596  22
7582.5  0.0568664  22
7583  0.0561802  22
7583.5  0.05509  22
7584  0.0534628  22
7584.5  0.051667  22
7585  0.0500756  22
7585.5  0.0491081  22
7586  0.0479556  22
7586.5  0.0461867  22
7587  0.0450204  22
7587.5  0.043754  22
7588  0.0424748  22
7588.5  0.0412545  22
7589  0.0398907  22
7589.5  0.0388294  22
7590  0.0378189  22
7590.5  0.0361433  22
7591  0.0353234  22
7591.5  0.0339058  22
7592  0.0328937  22
7592.5  0.0320255  22
7593  0.0310799  22
7593.5  0.0294955  22
7594  0.0278346  22
7594.5  0.0271123  22
7595  0.0262467  22
7595.5  0.0248682  22
7596  0.0241782  22
7596.5  0.0235449  22
7597  0.0220619  22
7597.5  0.0215693  22
7598  0.020843  22
7598.5  0.0201342  22
7599  0.0193372  22
7599.5  0.0183867  22
7600  0.017936  22
7600.5  0.0171052  22
7601  0.0164204  22
7601.5  0.0158128  22
7602  0.0148312  22
7602.5  0.0142123  22
7603  0.0134425  22
7603.5  0.0128912  22
7604  0.0127934  22
7604.5  0.0122546  22
7605  0.0118015  22
7605.5  0.0112253  22
7606  0.0110215  22
7606.5  0.0107364  22
7607  0.0106046  22
7617  0  22
# 533 ./Suprime.IB767 0 23
7402  0  23
7412  0.00983248  23
7413  0.0102415  23
7414  0.0107529  23
7415  0.0114841  23
7416  0.0112122  23
7417  0.0121265  23
7418  0.012774  23
7419  0.0129408  23
7420  0.0135988  23
7421  0.0146912  23
7422  0.0156047  23
7423  0.016379  23
7424  0.0178156  23
7425  0.0185448  23
7426  0.019894  23
7427  0.0213319  23
7428  0.0225795  23
7429  0.024455  23
7430  0.0264442  23
7431  0.0278879  23
7432  0.0299086  23
7433  0.031464  23
7434  0.0334473  23
7435  0.0358841  23
7436  0.037955  23
7437  0.0401451  23
7438  0.0429482  23
7439  0.0459954  23
7440  0.0484628  23
7441  0.0513349  23
7442  0.0545764  23
7443  0.0576801  23
7444  0.061155  23
7445  0.0651733  23
7446  0.06812  23
7447  0.0718669  23
7448  0.0759936  23
7449  0.080394  23
7450  0.0850793  23
7451  0.0897252  23
7452  0.09401  23
7453  0.0984679  23
7454  0.10336  23
7455  0.108683  23
7456  0.112886  23
7457  0.118936  23
7458  0.124823  23
7459  0.130374  23
7460  0.136047  23
7461  0.14111  23
7462  0.14696  23
7463  0.153776  23
7464  0.160491  23
7465  0.167711  23
7466  0.175341  23
7467  0.18343  23
7468  0.191202  23
7469  0.199315  23
7470  0.208225  23
7471  0.21657  23
7472  0.225533  23
7473  0.235698  23
7474  0.244488  23
7475  0.25318  23
7476  0.26347  23
7477  0.273947  23
7478  0.284375  23
7479  0.295104  23
7480  0.304702  23
7481  0.313929  23
7482  0.323756  23
7483  0.333631  23
7484  0.344502  23
7485  0.356203  23
7486  0.366993  23
7487  0.376242  23
7488  0.388016  23
7489  0.396785  23
7490  0.408368  23
7491  0.419686  23
7492  0.428826  23
7493  0.439449  23
7494  0.451441  23
7495  0.462064  23
7496  0.474272  23
7497  0.486152  23
7498  0.496814  23
7499  0.506337  23
7500  0.517708  23
7501  0.528239  23
7502  0.537812  23
7503  0.548761  23
7504  0.556618  23
7505  0.567195  23
7506  0.577311  23
7507  0.587126  23
7508  0.599018  23
7509  0.607601  23
7510  0.617103  23
7511  0.626702  23
7512  0.637656  23
7513  0.647248  23
7514  0.656303  23
7515  0.668403  23
7516  0.676036  23
7517  0.685103  23
7518  0.693443  23
7519  0.701636  23
7520  0.713448  23
7521  0.722295  23
7522  0.728936  23
7523  0.734667  23
7524  0.742228  23
7525  0.749344  23
7526  0.756145  23
7527  0.761668  23
7528  0.765064  23
7529  0.773332  23
7530  0.777948  23
7531  0.782119  23
7532  0.788244  23
7533  0.791462  23
7534  0.796177  23
7535  0.801821  23
7536  0.8051  23
7537  0.808073  23
7538  0.814502  23
7539  0.823476  23
7540  0.828714  23
7541  0.833508  23
7542  0.834821  23
7543  0.837595  23
7544  0.84196  23
7545  0.842211  23
7546  0.848817  23
7547  0.85321  23
7548  0.856139  23
7549  0.861567  23
7550  0.86432  23
7551  0.865489  23
7552  0.869405  23
7553  0.87348  23
7554  0.874284  23
7555  0.87518  23
7556  0.877465  23
7557  0.880837  23
7558  0.884156  23
7559  0.889075  23
7560  0.891984  23
7561  0.89541  23
7562  0.896249  23
7563  0.897631  23
7564  0.898527  23
7565  0.899407  23
7566  0.90129  23
7567  0.904415  23
7568  0.907259  23
7569  0.908386  23
7570  0.911086  23
7571  0.909359  23
7572  0.908026  23
7573  0.907527  23
7574  0.90758  23
7575  0.905558  23
7576  0.9063  23
7577  0.903653  23
7578  0.901612  23
7579  0.896916  23
7580  0.898056  23
7581  0.89461  23
7582  0.890867  23
7583  0.884911  23
7584  0.873989  23
7585  0.865419  23
7586  0.855415  23
7587  0.850199  23
7588  0.843734  23
7589  0.837115  23
7590  0.829243  23
7591  0.815063  23
7592  0.793819  23
7593  0.774574  23
7594  0.752403  23
7595  0.729908  23
7596  0.70257  23
7597  0.677641  23
7598  0.653173  23
7599  0.629518  23
7600  0.608157  23
7601  0.591106  23
7602  0.579319  23
7603  0.569435  23
7604  0.55965  23
7605  0.55246  23
7606  0.54703  23
7607  0.539965  23
7608  0.534051  23
7609  0.523864  23
7610  0.514643  23
7611  0.51278  23
7612  0.520457  23
7613  0.53224  23
7614  0.550552  23
7615  0.571919  23
7616  0.595254  23
7617  0.620552  23
7618  0.642371  23
7619  0.659799  23
7620  0.674892  23
7621  0.685168  23
7622  0.68843  23
7623  0.688103  23
7624  0.679983  23
7625  0.668734  23
7626  0.656502  23
7627  0.64633  23
7628  0.637509  23
7629  0.63366  23
7630  0.627224  23
7631  0.624841  23
7632  0.625587  23
7633  0.625791  23
7634  0.627148  23
7635  0.630263  23
7636  0.636569  23
7637  0.641579  23
7638  0.645171  23
7639  0.649353  23
7640  0.651806  23
7641  0.658335  23
7642  0.665111  23
7643  0.674287  23
7644  0.681888  23
7645  0.690827  23
7646  0.701648  23
7647  0.712291  23
7648  0.720432  23
7649  0.728322  23
7650  0.737716  23
7651  0.746479  23
7652  0.755217  23
7653  0.762731  23
7654  0.771347  23
7655  0.779222  23
7656  0.787174  23
7657  0.795059  23
7658  0.803654  23
7659  0.811207  23
7660  0.821651  23
7661  0.828879  23
7662  0.838175  23
7663  0.848215  23
7664  0.854875  23
7665  0.863015  23
7666  0.86911  23
7667  0.872666  23
7668  0.876311  23
7669  0.884743  23
7670  0.892616  23
7671  0.900418  23
7672  0.910285  23
7673  0.917925  23
7674  0.929604  23
7675  0.939014  23
7676  0.947739  23
7677  0.958673  23
7678  0.967129  23
7679  0.971991  23
7680  0.981645  23
7681  0.989785  23
7682  0.992238  23
7683  0.99686  23
7684  0.998591  23
7685  1.00001  23
7686  0.99416  23
7687  0.989796  23
7688  0.987759  23
7689  0.988397  23
7690  0.984124  23
7691  0.98548  23
7692  0.98622  23
7693  0.984603  23
7694  0.984648  23
7695  0.985985  23
7696  0.988833  23
7697  0.986676  23
7698  0.986461  23
7699  0.98849  23
7700  0.990834  23
7701  0.987513  23
7702  0.986754  23
7703  0.987023  23
7704  0.986272  23
7705  0.985804  23
7706  0.98471  23
7707  0.982627  23
7708  0.981387  23
7709  0.982751  23
7710  0.983709  23
7711  0.986937  23
7712  0.984936  23
7713  0.984385  23
7714  0.986006  23
7715  0.984964  23
7716  0.983745  23
7717  0.982246  23
7718  0.985113  23
7719  0.985512  23
7720  0.982117  23
7721  0.98377  23
7722  0.987558  23
7723  0.98706  23
7724  0.987068  23
7725  0.988589  23
7726  0.986928  23
7727  0.984365  23
7728  0.982274  23
7729  0.98646  23
7730  0.987035  23
7731  0.985097  23
7732  0.986191  23
7733  0.986954  23
7734  0.98643  23
7735  0.988075  23
7736  0.988157  23
7737  0.985124  23
7738  0.986196  23
7739  0.987312  23
7740  0.98629  23
7741  0.987313  23
7742  0.989193  23
7743  0.988499  23
7744  0.990631  23
7745  0.986369  23
7746  0.986103  23
7747  0.987728  23
7748  0.988213  23
7749  0.987234  23
7750  0.989201  23
7751  0.989013  23
7752  0.992635  23
7753  0.994906  23
7754  0.993703  23
7755  0.994597  23
7756  0.996777  23
7757  0.993903  23
7758  0.991867  23
7759  0.991991  23
7760  0.997438  23
7761  1.00207  23
7762  1.00298  23
7763  1.0018  23
7764  1.00015  23
7765  1.0038  23
7766  1.00549  23
7767  1.00774  23
7768  1.00548  23
7769  1.00572  23
7770  1.00549  23
7771  1.00428  23
7772  1.00267  23
7773  1.00255  23
7774  1.00655  23
7775  1.00926  23
7776  1.00681  23
7777  1.00332  23
7778  1.00531  23
7779  1.0059  23
7780  1.00447  23
7781  1.00567  23
7782  1.00216  23
7783  1.00264  23
7784  1.00565  23
7785  1.00373  23
7786  1.00463  23
7787  1.00701  23
7788  1.00675  23
7789  1.00822  23
7790  1.00697  23
7791  1.00085  23
7792  1.00055  23
7793  1.00064  23
7794  0.995861  23
7795  0.998399  23
7796  0.999205  23
7797  0.995044  23
7798  0.996395  23
7799  0.991287  23
7800  0.988258  23
7801  0.989044  23
7802  0.987165  23
7803  0.984353  23
7804  0.982842  23
7805  0.981876  23
7806  0.980034  23
7807  0.980136  23
7808  0.975298  23
7809  0.973569  23
7810  0.973477  23
7811  0.967264  23
7812  0.964152  23
7813  0.965315  23
7814  0.959532  23
7815  0.957536  23
7816  0.956109  23
7817  0.949427  23
7818  0.944573  23
7819  0.938022  23
7820  0.936186  23
7821  0.929428  23
7822  0.919408  23
7823  0.914079  23
7824  0.909275  23
7825  0.901316  23
7826  0.897305  23
7827  0.889194  23
7828  0.88595  23
7829  0.874438  23
7830  0.868157  23
7831  0.862121  23
7832  0.852865  23
7833  0.845766  23
7834  0.838391  23
7835  0.832722  23
7836  0.823317  23
7837  0.814347  23
7838  0.808768  23
7839  0.799204  23
7840  0.788251  23
7841  0.779577  23
7842  0.762811  23
7843  0.755015  23
7844  0.739974  23
7845  0.731545  23
7846  0.720072  23
7847  0.706094  23
7848  0.693085  23
7849  0.681721  23
7850  0.668999  23
7851  0.654823  23
7852  0.640397  23
7853  0.625678  23
7854  0.616897  23
7855  0.605725  23
7856  0.593847  23
7857  0.579225  23
7858  0.569245  23
7859  0.553757  23
7860  0.541316  23
7861  0.525896  23
7862  0.511519  23
7863  0.496483  23
7864  0.483585  23
7865  0.471024  23
7866  0.457879  23
7867  0.444972  23
7868  0.43243  23
7869  0.420935  23
7870  0.404219  23
7871  0.390322  23
7872  0.375525  23
7873  0.362499  23
7874  0.349054  23
7875  0.336696  23
7876  0.32559  23
7877  0.314331  23
7878  0.304119  23
7879  0.296311  23
7880  0.284458  23
7881  0.274419  23
7882  0.261886  23
7883  0.251007  23
7884  0.240881  23
7885  0.23068  23
7886  0.220817  23
7887  0.212226  23
7888  0.20288  23
7889  0.194385  23
7890  0.187004  23
7891  0.178771  23
7892  0.170609  23
7893  0.162198  23
7894  0.155321  23
7895  0.145525  23
7896  0.136469  23
7897  0.129969  23
7898  0.124919  23
7899  0.118257  23
7900  0.110777  23
7901  0.104513  23
7902  0.0980492  23
7903  0.0922479  23
7904  0.0872103  23
7905  0.0838203  23
7906  0.0779133  23
7907  0.0754782  23
7908  0.0713966  23
7909  0.0669442  23
7910  0.0619917  23
7911  0.0579081  23
7912  0.0584569  23
7913  0.0529181  23
7914  0.0508418  23
7915  0.0482022  23
7916  0.0480827  23
7917  0.0466781  23
7918  0.0444743  23
7919  0.0432399  23
7920  0.0409771  23
7921  0.0385222  23
7922  0.0387558  23
7923  0.0376178  23
7924  0.0347373  23
7925  0.0330622  23
7926  0.0312702  23
7927  0.0303449  23
7928  0.0274871  23
7929  0.0281412  23
7930  0.0264886  23
7931  0.0255894  23
7932  0.0221745  23
7933  0.0212128  23
7934  0.0217749  23
7935  0.019672  23
7936  0.0198453  23
7937  0.0175831  23
7938  0.0161365  23
7939  0.0126238  23
7940  0.0110125  23
7941  0.0123871  23
7942  0.0111939  23
7952  0  23
# 1031 ./Suprime.IB827 0 24
7987.5  0  24
7997.5  0.0097348  24
7998  0.00998583  24
7998.5  0.0102407  24
7999  0.0107582  24
7999.5  0.0112609  24
8000  0.0115265  24
8000.5  0.0120358  24
8001  0.0122866  24
8001.5  0.0125525  24
8002  0.0128113  24
8002.5  0.0133102  24
8003  0.0138336  24
8003.5  0.0143418  24
8004  0.0151133  24
8004.5  0.0156283  24
8005  0.0161291  24
8005.5  0.0169027  24
8006  0.017428  24
8006.5  0.0181896  24
8007  0.0187089  24
8007.5  0.0194739  24
8008  0.019986  24
8008.5  0.0207555  24
8009  0.0215284  24
8009.5  0.0225598  24
8010  0.0230728  24
8010.5  0.0240922  24
8011  0.0248542  24
8011.5  0.0253822  24
8012  0.0261371  24
8012.5  0.0271678  24
8013  0.0281774  24
8013.5  0.0289647  24
8014  0.0297285  24
8014.5  0.0310005  24
8015  0.0317869  24
8015.5  0.0325578  24
8016  0.0338308  24
8016.5  0.0348628  24
8017  0.0361445  24
8017.5  0.0369082  24
8018  0.0381859  24
8018.5  0.0394703  24
8019  0.0404906  24
8019.5  0.0417456  24
8020  0.0430287  24
8020.5  0.0445475  24
8021  0.0458117  24
8021.5  0.047329  24
8022  0.04858  24
8022.5  0.0501249  24
8023  0.051902  24
8023.5  0.0534349  24
8024  0.0552197  24
8024.5  0.0570253  24
8025  0.0583173  24
8025.5  0.0598786  24
8026  0.0616708  24
8026.5  0.063743  24
8027  0.065534  24
8027.5  0.0678286  24
8028  0.0696126  24
8028.5  0.071892  24
8029  0.0741993  24
8029.5  0.0764521  24
8030  0.0785134  24
8030.5  0.0810702  24
8031  0.0833969  24
8031.5  0.0856825  24
8032  0.0880051  24
8032.5  0.0902796  24
8033  0.0928568  24
8033.5  0.0954732  24
8034  0.0980218  24
8034.5  0.100831  24
8035  0.103924  24
8035.5  0.106767  24
8036  0.109559  24
8036.5  0.112456  24
8037  0.115511  24
8037.5  0.118557  24
8038  0.121597  24
8038.5  0.124929  24
8039  0.128062  24
8039.5  0.131591  24
8040  0.134874  24
8040.5  0.138461  24
8041  0.142221  24
8041.5  0.145772  24
8042  0.148997  24
8042.5  0.152767  24
8043  0.156989  24
8043.5  0.160814  24
8044  0.164894  24
8044.5  0.169054  24
8045  0.172771  24
8045.5  0.176987  24
8046  0.181283  24
8046.5  0.185624  24
8047  0.189837  24
8047.5  0.194362  24
8048  0.198981  24
8048.5  0.203354  24
8049  0.207855  24
8049.5  0.212379  24
8050  0.217728  24
8050.5  0.222136  24
8051  0.227054  24
8051.5  0.232065  24
8052  0.237029  24
8052.5  0.242411  24
8053  0.247364  24
8053.5  0.252769  24
8054  0.258208  24
8054.5  0.263148  24
8055  0.268144  24
8055.5  0.273162  24
8056  0.278178  24
8056.5  0.28325  24
8057  0.289213  24
8057.5  0.295056  24
8058  0.301141  24
8058.5  0.306597  24
8059  0.311692  24
8059.5  0.317459  24
8060  0.32325  24
8060.5  0.328994  24
8061  0.335155  24
8061.5  0.341211  24
8062  0.346768  24
8062.5  0.35222  24
8063  0.35861  24
8063.5  0.36493  24
8064  0.37125  24
8064.5  0.37765  24
8065  0.383899  24
8065.5  0.390668  24
8066  0.396197  24
8066.5  0.402827  24
8067  0.408946  24
8067.5  0.41532  24
8068  0.421832  24
8068.5  0.428158  24
8069  0.434495  24
8069.5  0.441423  24
8070  0.447574  24
8070.5  0.454258  24
8071  0.461438  24
8071.5  0.467757  24
8072  0.475044  24
8072.5  0.481204  24
8073  0.486516  24
8073.5  0.49333  24
8074  0.499712  24
8074.5  0.506289  24
8075  0.513454  24
8075.5  0.520087  24
8076  0.526765  24
8076.5  0.533524  24
8077  0.539694  24
8077.5  0.546421  24
8078  0.553437  24
8078.5  0.560707  24
8079  0.566798  24
8079.5  0.573015  24
8080  0.579625  24
8080.5  0.586593  24
8081  0.593494  24
8081.5  0.599794  24
8082  0.606602  24
8082.5  0.612648  24
8083  0.619455  24
8083.5  0.626063  24
8084  0.631988  24
8084.5  0.638337  24
8085  0.645062  24
8085.5  0.650605  24
8086  0.656617  24
8086.5  0.66312  24
8087  0.668777  24
8087.5  0.675089  24
8088  0.681895  24
8088.5  0.688712  24
8089  0.696187  24
8089.5  0.702231  24
8090  0.708888  24
8090.5  0.714489  24
8091  0.72045  24
8091.5  0.725449  24
8092  0.732085  24
8092.5  0.73762  24
8093  0.74349  24
8093.5  0.749148  24
8094  0.754968  24
8094.5  0.760309  24
8095  0.765662  24
8095.5  0.771977  24
8096  0.777529  24
8096.5  0.78238  24
8097  0.786881  24
8097.5  0.792732  24
8098  0.797261  24
8098.5  0.802791  24
8099  0.807354  24
8099.5  0.811703  24
8100  0.816039  24
8100.5  0.81954  24
8101  0.823894  24
8101.5  0.828519  24
8102  0.833491  24
8102.5  0.837303  24
8103  0.841868  24
8103.5  0.845832  24
8104  0.848702  24
8104.5  0.852478  24
8105  0.856117  24
8105.5  0.859869  24
8106  0.862254  24
8106.5  0.865746  24
8107  0.86959  24
8107.5  0.873474  24
8108  0.876188  24
8108.5  0.879199  24
8109  0.881959  24
8109.5  0.885135  24
8110  0.887906  24
8110.5  0.890498  24
8111  0.893292  24
8111.5  0.896048  24
8112  0.897947  24
8112.5  0.900901  24
8113  0.903241  24
8113.5  0.905577  24
8114  0.90864  24
8114.5  0.91051  24
8115  0.912478  24
8115.5  0.914759  24
8116  0.917183  24
8116.5  0.920676  24
8117  0.922054  24
8117.5  0.924129  24
8118  0.925425  24
8118.5  0.926966  24
8119  0.928087  24
8119.5  0.929743  24
8120  0.931292  24
8120.5  0.931791  24
8121  0.932552  24
8121.5  0.93446  24
8122  0.937017  24
8122.5  0.938913  24
8123  0.939445  24
8123.5  0.940233  24
8124  0.941199  24
8124.5  0.942496  24
8125  0.944323  24
8125.5  0.945354  24
8126  0.947247  24
8126.5  0.948097  24
8127  0.949206  24
8127.5  0.95036  24
8128  0.95156  24
8128.5  0.951676  24
8129  0.953149  24
8129.5  0.953197  24
8130  0.953782  24
8130.5  0.954915  24
8131  0.95561  24
8131.5  0.956453  24
8132  0.956571  24
8132.5  0.956651  24
8133  0.957078  24
8133.5  0.957389  24
8134  0.958631  24
8134.5  0.959888  24
8135  0.96008  24
8135.5  0.960486  24
8136  0.960611  24
8136.5  0.962125  24
8137  0.963171  24
8137.5  0.961969  24
8138  0.962255  24
8138.5  0.961119  24
8139  0.96172  24
8139.5  0.961943  24
8140  0.9623  24
8140.5  0.962969  24
8141  0.962482  24
8141.5  0.961935  24
8142  0.961608  24
8142.5  0.962553  24
8143  0.963008  24
8143.5  0.962801  24
8144  0.962822  24
8144.5  0.963284  24
8145  0.963243  24
8145.5  0.9637  24
8146  0.964799  24
8146.5  0.964859  24
8147  0.965476  24
8147.5  0.965555  24
8148  0.96653  24
8148.5  0.966706  24
8149  0.967583  24
8149.5  0.967924  24
8150  0.967636  24
8150.5  0.967794  24
8151  0.968784  24
8151.5  0.969392  24
8152  0.970109  24
8152.5  0.969747  24
8153  0.969867  24
8153.5  0.971447  24
8154  0.971776  24
8154.5  0.972673  24
8155  0.972942  24
8155.5  0.973922  24
8156  0.974837  24
8156.5  0.974398  24
8157  0.974657  24
8157.5  0.975689  24
8158  0.976625  24
8158.5  0.977955  24
8159  0.978333  24
8159.5  0.978957  24
8160  0.979653  24
8160.5  0.979631  24
8161  0.980163  24
8161.5  0.980534  24
8162  0.979735  24
8162.5  0.979028  24
8163  0.980205  24
8163.5  0.981075  24
8164  0.980766  24
8164.5  0.981805  24
8165  0.982369  24
8165.5  0.983249  24
8166  0.983187  24
8166.5  0.983919  24
8167  0.984577  24
8167.5  0.984987  24
8168  0.985803  24
8168.5  0.985845  24
8169  0.986193  24
8169.5  0.985759  24
8170  0.98634  24
8170.5  0.987217  24
8171  0.987238  24
8171.5  0.987789  24
8172  0.987463  24
8172.5  0.987996  24
8173  0.988762  24
8173.5  0.989287  24
8174  0.988796  24
8174.5  0.988157  24
8175  0.988142  24
8175.5  0.98822  24
8176  0.987198  24
8176.5  0.988211  24
8177  0.989853  24
8177.5  0.990794  24
8178  0.991585  24
8178.5  0.991979  24
8179  0.990819  24
8179.5  0.990212  24
8180  0.989758  24
8180.5  0.989544  24
8181  0.989489  24
8181.5  0.989204  24
8182  0.98901  24
8182.5  0.988892  24
8183  0.98831  24
8183.5  0.988187  24
8184  0.988134  24
8184.5  0.988157  24
8185  0.987844  24
8185.5  0.987603  24
8186  0.988514  24
8186.5  0.987407  24
8187  0.988083  24
8187.5  0.988138  24
8188  0.98852  24
8188.5  0.988117  24
8189  0.988503  24
8189.5  0.987717  24
8190  0.987009  24
8190.5  0.986389  24
8191  0.98616  24
8191.5  0.986083  24
8192  0.985857  24
8192.5  0.985397  24
8193  0.984089  24
8193.5  0.984105  24
8194  0.983651  24
8194.5  0.984049  24
8195  0.984534  24
8195.5  0.985559  24
8196  0.985887  24
8196.5  0.984519  24
8197  0.983765  24
8197.5  0.984024  24
8198  0.983199  24
8198.5  0.982386  24
8199  0.981876  24
8199.5  0.981829  24
8200  0.98147  24
8200.5  0.981043  24
8201  0.98184  24
8201.5  0.982173  24
8202  0.980424  24
8202.5  0.980221  24
8203  0.979396  24
8203.5  0.978271  24
8204  0.977599  24
8204.5  0.977862  24
8205  0.97713  24
8205.5  0.9767  24
8206  0.977358  24
8206.5  0.976699  24
8207  0.976899  24
8207.5  0.977016  24
8208  0.976834  24
8208.5  0.976343  24
8209  0.975554  24
8209.5  0.974681  24
8210  0.974805  24
8210.5  0.973935  24
8211  0.97261  24
8211.5  0.971138  24
8212  0.970888  24
8212.5  0.971484  24
8213  0.971241  24
8213.5  0.970672  24
8214  0.970491  24
8214.5  0.970291  24
8215  0.969399  24
8215.5  0.969433  24
8216  0.968308  24
8216.5  0.967716  24
8217  0.966727  24
8217.5  0.965987  24
8218  0.965559  24
8218.5  0.965809  24
8219  0.965456  24
8219.5  0.965107  24
8220  0.965765  24
8220.5  0.965964  24
8221  0.965247  24
8221.5  0.965215  24
8222  0.96511  24
8222.5  0.965852  24
8223  0.965831  24
8223.5  0.96528  24
8224  0.965341  24
8224.5  0.965874  24
8225  0.964805  24
8225.5  0.963725  24
8226  0.963784  24
8226.5  0.964758  24
8227  0.965129  24
8227.5  0.965931  24
8228  0.965136  24
8228.5  0.964642  24
8229  0.964589  24
8229.5  0.964232  24
8230  0.964779  24
8230.5  0.964196  24
8231  0.964138  24
8231.5  0.964393  24
8232  0.96458  24
8232.5  0.964311  24
8233  0.963597  24
8233.5  0.964014  24
8234  0.964209  24
8234.5  0.964333  24
8235  0.964376  24
8235.5  0.964582  24
8236  0.963725  24
8236.5  0.962797  24
8237  0.963308  24
8237.5  0.963979  24
8238  0.962672  24
8238.5  0.961143  24
8239  0.961667  24
8239.5  0.960361  24
8240  0.960735  24
8240.5  0.959884  24
8241  0.960692  24
8241.5  0.961507  24
8242  0.960278  24
8242.5  0.959344  24
8243  0.95878  24
8243.5  0.95815  24
8244  0.958575  24
8244.5  0.958247  24
8245  0.958156  24
8245.5  0.958353  24
8246  0.957736  24
8246.5  0.958236  24
8247  0.958527  24
8247.5  0.957758  24
8248  0.958574  24
8248.5  0.958415  24
8249  0.959309  24
8249.5  0.959153  24
8250  0.95885  24
8250.5  0.957795  24
8251  0.958163  24
8251.5  0.95832  24
8252  0.958616  24
8252.5  0.959071  24
8253  0.959145  24
8253.5  0.958911  24
8254  0.959293  24
8254.5  0.960342  24
8255  0.959291  24
8255.5  0.958843  24
8256  0.958236  24
8256.5  0.958678  24
8257  0.95897  24
8257.5  0.958521  24
8258  0.958965  24
8258.5  0.958446  24
8259  0.958458  24
8259.5  0.958386  24
8260  0.958688  24
8260.5  0.959298  24
8261  0.958934  24
8261.5  0.95924  24
8262  0.959928  24
8262.5  0.959569  24
8263  0.959815  24
8263.5  0.959447  24
8264  0.958488  24
8264.5  0.959034  24
8265  0.959571  24
8265.5  0.959972  24
8266  0.961274  24
8266.5  0.961677  24
8267  0.961318  24
8267.5  0.960971  24
8268  0.961292  24
8268.5  0.960714  24
8269  0.96037  24
8269.5  0.960324  24
8270  0.959528  24
8270.5  0.959262  24
8271  0.960043  24
8271.5  0.962101  24
8272  0.96265  24
8272.5  0.962294  24
8273  0.962749  24
8273.5  0.962693  24
8274  0.962095  24
8274.5  0.962097  24
8275  0.962553  24
8275.5  0.963007  24
8276  0.962032  24
8276.5  0.962253  24
8277  0.963013  24
8277.5  0.962336  24
8278  0.963015  24
8278.5  0.962415  24
8279  0.962802  24
8279.5  0.963711  24
8280  0.965374  24
8280.5  0.965624  24
8281  0.965116  24
8281.5  0.965973  24
8282  0.965838  24
8282.5  0.966095  24
8283  0.967241  24
8283.5  0.966751  24
8284  0.966474  24
8284.5  0.967329  24
8285  0.967355  24
8285.5  0.966858  24
8286  0.967242  24
8286.5  0.967325  24
8287  0.966737  24
8287.5  0.965766  24
8288  0.964792  24
8288.5  0.964492  24
8289  0.963526  24
8289.5  0.963669  24
8290  0.96433  24
8290.5  0.964634  24
8291  0.965003  24
8291.5  0.9662  24
8292  0.967475  24
8292.5  0.966885  24
8293  0.967427  24
8293.5  0.968182  24
8294  0.967755  24
8294.5  0.967848  24
8295  0.968237  24
8295.5  0.967888  24
8296  0.966865  24
8296.5  0.966571  24
8297  0.966545  24
8297.5  0.965395  24
8298  0.964718  24
8298.5  0.964523  24
8299  0.964096  24
8299.5  0.96501  24
8300  0.965211  24
8300.5  0.964464  24
8301  0.964965  24
8301.5  0.965812  24
8302  0.967429  24
8302.5  0.968244  24
8303  0.968459  24
8303.5  0.969242  24
8304  0.970658  24
8304.5  0.971896  24
8305  0.973512  24
8305.5  0.974288  24
8306  0.975145  24
8306.5  0.975787  24
8307  0.975811  24
8307.5  0.975396  24
8308  0.976241  24
8308.5  0.975671  24
8309  0.975097  24
8309.5  0.974275  24
8310  0.974045  24
8310.5  0.974775  24
8311  0.974386  24
8311.5  0.97534  24
8312  0.975408  24
8312.5  0.975637  24
8313  0.975736  24
8313.5  0.975409  24
8314  0.976303  24
8314.5  0.976698  24
8315  0.977922  24
8315.5  0.978022  24
8316  0.97811  24
8316.5  0.979089  24
8317  0.979241  24
8317.5  0.979165  24
8318  0.978935  24
8318.5  0.97885  24
8319  0.980108  24
8319.5  0.979716  24
8320  0.980068  24
8320.5  0.980343  24
8321  0.979264  24
8321.5  0.978482  24
8322  0.978821  24
8322.5  0.978781  24
8323  0.978372  24
8323.5  0.978099  24
8324  0.977232  24
8324.5  0.977101  24
8325  0.978395  24
8325.5  0.979225  24
8326  0.980364  24
8326.5  0.981275  24
8327  0.980678  24
8327.5  0.980981  24
8328  0.981812  24
8328.5  0.980939  24
8329  0.980751  24
8329.5  0.983132  24
8330  0.982143  24
8330.5  0.981627  24
8331  0.981042  24
8331.5  0.981733  24
8332  0.981973  24
8332.5  0.981758  24
8333  0.982218  24
8333.5  0.982596  24
8334  0.982813  24
8334.5  0.983092  24
8335  0.982007  24
8335.5  0.982269  24
8336  0.982756  24
8336.5  0.981668  24
8337  0.982071  24
8337.5  0.982991  24
8338  0.982564  24
8338.5  0.982058  24
8339  0.982742  24
8339.5  0.982312  24
8340  0.983384  24
8340.5  0.983781  24
8341  0.982594  24
8341.5  0.982206  24
8342  0.981068  24
8342.5  0.980411  24
8343  0.981224  24
8343.5  0.979836  24
8344  0.979547  24
8344.5  0.980601  24
8345  0.981404  24
8345.5  0.978989  24
8346  0.979423  24
8346.5  0.979858  24
8347  0.979756  24
8347.5  0.979457  24
8348  0.978629  24
8348.5  0.979366  24
8349  0.977936  24
8349.5  0.976874  24
8350  0.975298  24
8350.5  0.97492  24
8351  0.975002  24
8351.5  0.974556  24
8352  0.972628  24
8352.5  0.972364  24
8353  0.971271  24
8353.5  0.968449  24
8354  0.967633  24
8354.5  0.966974  24
8355  0.966423  24
8355.5  0.96474  24
8356  0.962269  24
8356.5  0.961089  24
8357  0.960387  24
8357.5  0.959363  24
8358  0.958484  24
8358.5  0.957215  24
8359  0.954356  24
8359.5  0.953353  24
8360  0.95162  24
8360.5  0.949077  24
8361  0.946323  24
8361.5  0.945873  24
8362  0.94502  24
8362.5  0.942665  24
8363  0.940445  24
8363.5  0.937924  24
8364  0.93627  24
8364.5  0.934042  24
8365  0.931914  24
8365.5  0.930159  24
8366  0.92907  24
8366.5  0.927415  24
8367  0.925237  24
8367.5  0.924354  24
8368  0.922053  24
8368.5  0.919118  24
8369  0.91716  24
8369.5  0.917508  24
8370  0.914691  24
8370.5  0.91347  24
8371  0.910218  24
8371.5  0.908376  24
8372  0.906563  24
8372.5  0.90412  24
8373  0.900329  24
8373.5  0.89748  24
8374  0.894829  24
8374.5  0.891441  24
8375  0.888592  24
8375.5  0.887293  24
8376  0.883158  24
8376.5  0.88043  24
8377  0.877608  24
8377.5  0.873733  24
8378  0.868195  24
8378.5  0.865934  24
8379  0.862108  24
8379.5  0.858728  24
8380  0.855327  24
8380.5  0.850946  24
8381  0.84825  24
8381.5  0.845052  24
8382  0.841037  24
8382.5  0.837955  24
8383  0.833446  24
8383.5  0.828575  24
8384  0.82657  24
8384.5  0.822757  24
8385  0.818689  24
8385.5  0.814041  24
8386  0.811351  24
8386.5  0.806306  24
8387  0.802622  24
8387.5  0.796604  24
8388  0.793316  24
8388.5  0.790181  24
8389  0.785724  24
8389.5  0.781627  24
8390  0.777022  24
8390.5  0.77356  24
8391  0.769339  24
8391.5  0.763644  24
8392  0.760057  24
8392.5  0.754876  24
8393  0.75062  24
8393.5  0.747006  24
8394  0.742916  24
8394.5  0.738578  24
8395  0.734915  24
8395.5  0.72968  24
8396  0.724197  24
8396.5  0.720593  24
8397  0.714951  24
8397.5  0.708746  24
8398  0.704517  24
8398.5  0.698218  24
8399  0.693515  24
8399.5  0.688748  24
8400  0.684348  24
8400.5  0.680846  24
8401  0.67628  24
8401.5  0.672591  24
8402  0.666624  24
8402.5  0.660603  24
8403  0.655439  24
8403.5  0.652713  24
8404  0.645772  24
8404.5  0.640673  24
8405  0.635739  24
8405.5  0.629581  24
8406  0.625169  24
8406.5  0.619924  24
8407  0.614194  24
8407.5  0.60878  24
8408  0.603032  24
8408.5  0.598652  24
8409  0.592282  24
8409.5  0.586629  24
8410  0.580989  24
8410.5  0.574213  24
8411  0.567438  24
8411.5  0.562062  24
8412  0.5566  24
8412.5  0.551227  24
8413  0.545931  24
8413.5  0.541564  24
8414  0.535376  24
8414.5  0.530516  24
8415  0.52494  24
8415.5  0.51802  24
8416  0.511619  24
8416.5  0.504535  24
8417  0.498988  24
8417.5  0.491288  24
8418  0.484855  24
8418.5  0.480143  24
8419  0.474372  24
8419.5  0.468572  24
8420  0.462654  24
8420.5  0.456004  24
8421  0.450287  24
8421.5  0.44467  24
8422  0.440286  24
8422.5  0.435071  24
8423  0.429933  24
8423.5  0.423434  24
8424  0.417682  24
8424.5  0.411585  24
8425  0.4067  24
8425.5  0.40091  24
8426  0.396202  24
8426.5  0.392088  24
8427  0.387001  24
8427.5  0.382269  24
8428  0.377201  24
8428.5  0.370682  24
8429  0.366376  24
8429.5  0.360395  24
8430  0.354867  24
8430.5  0.349998  24
8431  0.345314  24
8431.5  0.340415  24
8432  0.335637  24
8432.5  0.331552  24
8433  0.32626  24
8433.5  0.32165  24
8434  0.317191  24
8434.5  0.311665  24
8435  0.306788  24
8435.5  0.300897  24
8436  0.297048  24
8436.5  0.292011  24
8437  0.286534  24
8437.5  0.2826  24
8438  0.275345  24
8438.5  0.269289  24
8439  0.264508  24
8439.5  0.259911  24
8440  0.255282  24
8440.5  0.251236  24
8441  0.246465  24
8441.5  0.241533  24
8442  0.236102  24
8442.5  0.231231  24
8443  0.225605  24
8443.5  0.221542  24
8444  0.217016  24
8444.5  0.213053  24
8445  0.207388  24
8445.5  0.20486  24
8446  0.200081  24
8446.5  0.196402  24
8447  0.191624  24
8447.5  0.188496  24
8448  0.183785  24
8448.5  0.179171  24
8449  0.175453  24
8449.5  0.171736  24
8450  0.167641  24
8450.5  0.164485  24
8451  0.161082  24
8451.5  0.158207  24
8452  0.153954  24
8452.5  0.151113  24
8453  0.148929  24
8453.5  0.145464  24
8454  0.143765  24
8454.5  0.140764  24
8455  0.137613  24
8455.5  0.134484  24
8456  0.131775  24
8456.5  0.129174  24
8457  0.126335  24
8457.5  0.124411  24
8458  0.121981  24
8458.5  0.118011  24
8459  0.116807  24
8459.5  0.114731  24
8460  0.112387  24
8460.5  0.108967  24
8461  0.106855  24
8461.5  0.103257  24
8462  0.101106  24
8462.5  0.0984857  24
8463  0.0965223  24
8463.5  0.0935465  24
8464  0.0921844  24
8464.5  0.0898644  24
8465  0.0883954  24
8465.5  0.086217  24
8466  0.0837013  24
8466.5  0.080871  24
8467  0.0785528  24
8467.5  0.0770531  24
8468  0.0747345  24
8468.5  0.072855  24
8469  0.0704771  24
8469.5  0.0672546  24
8470  0.0654961  24
8470.5  0.0643577  24
8471  0.0624474  24
8471.5  0.0610882  24
8472  0.0597708  24
8472.5  0.0570448  24
8473  0.0563764  24
8473.5  0.0543298  24
8474  0.0511299  24
8474.5  0.0502172  24
8475  0.0491038  24
8475.5  0.0463596  24
8476  0.0446543  24
8476.5  0.0448263  24
8477  0.0442306  24
8477.5  0.0432539  24
8478  0.0417547  24
8478.5  0.0399658  24
8479  0.0393032  24
8479.5  0.0382071  24
8480  0.0369073  24
8480.5  0.0349585  24
8481  0.0341153  24
8481.5  0.0342852  24
8482  0.0321707  24
8482.5  0.0326261  24
8483  0.0311266  24
8483.5  0.0311109  24
8484  0.0308442  24
8484.5  0.0306095  24
8485  0.0299767  24
8485.5  0.0282756  24
8486  0.0271838  24
8486.5  0.0258991  24
8487  0.0252504  24
8487.5  0.0237688  24
8488  0.0237787  24
8488.5  0.0222856  24
8489  0.0209751  24
8489.5  0.0220015  24
8490  0.0219828  24
8490.5  0.0228215  24
8491  0.0220151  24
8491.5  0.0226609  24
8492  0.0224258  24
8492.5  0.0203384  24
8493  0.0190312  24
8493.5  0.0182019  24
8494  0.0186123  24
8494.5  0.0188234  24
8495  0.0177984  24
8495.5  0.0188385  24
8496  0.0188182  24
8496.5  0.0188107  24
8497  0.0179925  24
8497.5  0.0182045  24
8498  0.0189978  24
8498.5  0.0175125  24
8499  0.0195711  24
8499.5  0.017877  24
8500  0.0158074  24
8500.5  0.0147496  24
8501  0.015154  24
8501.5  0.0166006  24
8502  0.0186849  24
8502.5  0.018876  24
8503  0.0182293  24
8503.5  0.0192636  24
8504  0.0175741  24
8504.5  0.0175525  24
8505  0.0171651  24
8505.5  0.014903  24
8506  0.015517  24
8506.5  0.0157042  24
8507  0.0160796  24
8507.5  0.0140138  24
8508  0.0133714  24
8508.5  0.0156243  24
8509  0.0168656  24
8509.5  0.0172857  24
8510  0.0154342  24
8510.5  0.0131768  24
8511  0.0137531  24
8511.5  0.012118  24
8521.5  0  24
# 434 ./Suprime.NB711 0 25
7000  0  25
7010  0.0100604  25
7010.5  0.0103855  25
7011  0.0107308  25
7011.5  0.0110396  25
7012  0.0112767  25
7012.5  0.0116855  25
7013  0.0119832  25
7013.5  0.0119959  25
7014  0.0124282  25
7014.5  0.0128555  25
7015  0.0131929  25
7015.5  0.0134095  25
7016  0.013675  25
7016.5  0.0138327  25
7017  0.0142831  25
7017.5  0.0145088  25
7018  0.0145889  25
7018.5  0.0150649  25
7019  0.0153384  25
7019.5  0.0157764  25
7020  0.0162844  25
7020.5  0.0168049  25
7021  0.0172377  25
7021.5  0.0179489  25
7022  0.018267  25
7022.5  0.0187951  25
7023  0.0191747  25
7023.5  0.0196201  25
7024  0.0200375  25
7024.5  0.0207165  25
7025  0.0212932  25
7025.5  0.0218632  25
7026  0.0227422  25
7026.5  0.0232883  25
7027  0.0241355  25
7027.5  0.0246575  25
7028  0.0252416  25
7028.5  0.025835  25
7029  0.0265763  25
7029.5  0.0274141  25
7030  0.0283831  25
7030.5  0.0293255  25
7031  0.03011  25
7031.5  0.0311903  25
7032  0.0320835  25
7032.5  0.0329749  25
7033  0.0339056  25
7033.5  0.034888  25
7034  0.0360771  25
7034.5  0.0371876  25
7035  0.0380075  25
7035.5  0.0393571  25
7036  0.0405783  25
7036.5  0.0418127  25
7037  0.0429526  25
7037.5  0.0443066  25
7038  0.0453601  25
7038.5  0.0462856  25
7039  0.0479077  25
7039.5  0.0491604  25
7040  0.0507374  25
7040.5  0.052348  25
7041  0.0541614  25
7041.5  0.0559384  25
7042  0.0574056  25
7042.5  0.0592424  25
7043  0.0612045  25
7043.5  0.0628302  25
7044  0.0648327  25
7044.5  0.066798  25
7045  0.0692903  25
7045.5  0.0713637  25
7046  0.0736383  25
7046.5  0.0765447  25
7047  0.079391  25
7047.5  0.082452  25
7048  0.0849752  25
7048.5  0.087578  25
7049  0.0902111  25
7049.5  0.0931748  25
7050  0.0962482  25
7050.5  0.0989161  25
7051  0.10198  25
7051.5  0.105318  25
7052  0.108502  25
7052.5  0.111409  25
7053  0.114734  25
7053.5  0.118475  25
7054  0.122654  25
7054.5  0.125789  25
7055  0.128811  25
7055.5  0.132238  25
7056  0.135826  25
7056.5  0.139471  25
7057  0.143281  25
7057.5  0.147279  25
7058  0.151121  25
7058.5  0.155626  25
7059  0.159746  25
7059.5  0.163796  25
7060  0.168211  25
7060.5  0.173586  25
7061  0.178229  25
7061.5  0.181884  25
7062  0.186606  25
7062.5  0.19155  25
7063  0.19625  25
7063.5  0.201452  25
7064  0.206812  25
7064.5  0.212366  25
7065  0.217097  25
7065.5  0.222543  25
7066  0.227819  25
7066.5  0.232979  25
7067  0.23895  25
7067.5  0.2445  25
7068  0.250134  25
7068.5  0.255243  25
7069  0.261521  25
7069.5  0.268396  25
7070  0.274205  25
7070.5  0.280342  25
7071  0.286752  25
7071.5  0.293394  25
7072  0.299134  25
7072.5  0.305056  25
7073  0.312085  25
7073.5  0.318044  25
7074  0.324252  25
7074.5  0.331784  25
7075  0.339014  25
7075.5  0.346652  25
7076  0.353891  25
7076.5  0.361303  25
7077  0.3674  25
7077.5  0.374448  25
7078  0.38206  25
7078.5  0.389119  25
7079  0.396585  25
7079.5  0.404  25
7080  0.41188  25
7080.5  0.420984  25
7081  0.42859  25
7081.5  0.437583  25
7082  0.446532  25
7082.5  0.453507  25
7083  0.460987  25
7083.5  0.468875  25
7084  0.476606  25
7084.5  0.484251  25
7085  0.492092  25
7085.5  0.501021  25
7086  0.509098  25
7086.5  0.51889  25
7087  0.527433  25
7087.5  0.535616  25
7088  0.545052  25
7088.5  0.554976  25
7089  0.563644  25
7089.5  0.572614  25
7090  0.581516  25
7090.5  0.5907  25
7091  0.599952  25
7091.5  0.609193  25
7092  0.619012  25
7092.5  0.629174  25
7093  0.640429  25
7093.5  0.648636  25
7094  0.658683  25
7094.5  0.666793  25
7095  0.675527  25
7095.5  0.684876  25
7096  0.69396  25
7096.5  0.701482  25
7097  0.710739  25
7097.5  0.719028  25
7098  0.728667  25
7098.5  0.737757  25
7099  0.746244  25
7099.5  0.7558  25
7100  0.764762  25
7100.5  0.773468  25
7101  0.782015  25
7101.5  0.791516  25
7102  0.79981  25
7102.5  0.808992  25
7103  0.818378  25
7103.5  0.825993  25
7104  0.834478  25
7104.5  0.842493  25
7105  0.851621  25
7105.5  0.860035  25
7106  0.866606  25
7106.5  0.874666  25
7107  0.882759  25
7107.5  0.888869  25
7108  0.89497  25
7108.5  0.900999  25
7109  0.907045  25
7109.5  0.914407  25
7110  0.920082  25
7110.5  0.925286  25
7111  0.930921  25
7111.5  0.937412  25
7112  0.940878  25
7112.5  0.946246  25
7113  0.949762  25
7113.5  0.955313  25
7114  0.959923  25
7114.5  0.964335  25
7115  0.970309  25
7115.5  0.973613  25
7116  0.978125  25
7116.5  0.98233  25
7117  0.985081  25
7117.5  0.986763  25
7118  0.988552  25
7118.5  0.991735  25
7119  0.99469  25
7119.5  0.995537  25
7120  0.998869  25
7120.5  0.999503  25
7121  1.00017  25
7121.5  0.999587  25
7122  0.999201  25
7122.5  0.99844  25
7123  0.995921  25
7123.5  0.996236  25
7124  0.994132  25
7124.5  0.992728  25
7125  0.992095  25
7125.5  0.988946  25
7126  0.987696  25
7126.5  0.984099  25
7127  0.981099  25
7127.5  0.979751  25
7128  0.976114  25
7128.5  0.972263  25
7129  0.969092  25
7129.5  0.965527  25
7130  0.962615  25
7130.5  0.959463  25
7131  0.956272  25
7131.5  0.951341  25
7132  0.948399  25
7132.5  0.943139  25
7133  0.936038  25
7133.5  0.931398  25
7134  0.925521  25
7134.5  0.921335  25
7135  0.915967  25
7135.5  0.909621  25
7136  0.903869  25
7136.5  0.899596  25
7137  0.893584  25
7137.5  0.887557  25
7138  0.880224  25
7138.5  0.87159  25
7139  0.863312  25
7139.5  0.855567  25
7140  0.847036  25
7140.5  0.838284  25
7141  0.830906  25
7141.5  0.824613  25
7142  0.816796  25
7142.5  0.807731  25
7143  0.798619  25
7143.5  0.788377  25
7144  0.77874  25
7144.5  0.768202  25
7145  0.7585  25
7145.5  0.748088  25
7146  0.738799  25
7146.5  0.729442  25
7147  0.720397  25
7147.5  0.711  25
7148  0.700275  25
7148.5  0.690357  25
7149  0.680026  25
7149.5  0.667695  25
7150  0.658456  25
7150.5  0.64775  25
7151  0.637263  25
7151.5  0.628012  25
7152  0.617647  25
7152.5  0.607245  25
7153  0.596986  25
7153.5  0.585946  25
7154  0.575614  25
7154.5  0.565938  25
7155  0.556064  25
7155.5  0.545881  25
7156  0.536295  25
7156.5  0.526139  25
7157  0.516046  25
7157.5  0.506075  25
7158  0.494488  25
7158.5  0.484729  25
7159  0.473994  25
7159.5  0.463013  25
7160  0.452305  25
7160.5  0.441423  25
7161  0.431583  25
7161.5  0.422227  25
7162  0.412582  25
7162.5  0.402645  25
7163  0.391544  25
7163.5  0.381431  25
7164  0.371237  25
7164.5  0.361341  25
7165  0.352103  25
7165.5  0.343256  25
7166  0.334268  25
7166.5  0.324409  25
7167  0.31527  25
7167.5  0.30692  25
7168  0.298347  25
7168.5  0.290128  25
7169  0.281354  25
7169.5  0.273421  25
7170  0.265139  25
7170.5  0.257527  25
7171  0.249984  25
7171.5  0.242134  25
7172  0.235237  25
7172.5  0.228552  25
7173  0.221392  25
7173.5  0.214423  25
7174  0.207489  25
7174.5  0.200853  25
7175  0.194897  25
7175.5  0.188193  25
7176  0.182101  25
7176.5  0.176608  25
7177  0.171667  25
7177.5  0.166127  25
7178  0.160243  25
7178.5  0.154765  25
7179  0.149352  25
7179.5  0.144926  25
7180  0.139898  25
7180.5  0.135191  25
7181  0.130067  25
7181.5  0.125469  25
7182  0.1208  25
7182.5  0.117072  25
7183  0.112795  25
7183.5  0.10934  25
7184  0.105853  25
7184.5  0.102123  25
7185  0.0983906  25
7185.5  0.0950951  25
7186  0.0922869  25
7186.5  0.0886877  25
7187  0.0860111  25
7187.5  0.0828978  25
7188  0.07974  25
7188.5  0.0771237  25
7189  0.0750062  25
7189.5  0.0729583  25
7190  0.0709453  25
7190.5  0.0689808  25
7191  0.0670044  25
7191.5  0.0644473  25
7192  0.0623776  25
7192.5  0.060784  25
7193  0.0587625  25
7193.5  0.056865  25
7194  0.0550045  25
7194.5  0.0536299  25
7195  0.051772  25
7195.5  0.0506264  25
7196  0.049259  25
7196.5  0.0477135  25
7197  0.0460442  25
7197.5  0.0444901  25
7198  0.0432331  25
7198.5  0.0417945  25
7199  0.0406438  25
7199.5  0.0397285  25
7200  0.0386362  25
7200.5  0.0373462  25
7201  0.036167  25
7201.5  0.0352066  25
7202  0.0339027  25
7202.5  0.0330219  25
7203  0.0323263  25
7203.5  0.0311883  25
7204  0.0305176  25
7204.5  0.029358  25
7205  0.0285936  25
7205.5  0.0280313  25
7206  0.0275733  25
7206.5  0.0268651  25
7207  0.026282  25
7207.5  0.0255182  25
7208  0.0248349  25
7208.5  0.0238845  25
7209  0.0231871  25
7209.5  0.0223913  25
7210  0.0220661  25
7210.5  0.0212741  25
7211  0.0207056  25
7211.5  0.0202039  25
7212  0.0195478  25
7212.5  0.0196086  25
7213  0.0190691  25
7213.5  0.0187165  25
7214  0.0181845  25
7214.5  0.0173933  25
7215  0.0167926  25
7215.5  0.0164759  25
7216  0.0161099  25
7216.5  0.0161082  25
7217  0.0159573  25
7217.5  0.015847  25
7218  0.0155051  25
7218.5  0.015218  25
7219  0.0146942  25
7219.5  0.0145779  25
7220  0.0142848  25
7220.5  0.0134958  25
7221  0.0133333  25
7221.5  0.0127711  25
7222  0.0122573  25
7222.5  0.0122884  25
7223  0.0120557  25
7223.5  0.0115799  25
7224  0.0112742  25
7224.5  0.0110224  25
7225  0.010718  25
7225.5  0.0103984  25
7235.5  0  25
# 501 ./Suprime.NB816 0 26
8011  0  26
8021  0.0101631  26
8021.5  0.0103437  26
8022  0.0114259  26
8022.5  0.0117813  26
8023  0.0105567  26
8023.5  0.010566  26
8024  0.0100657  26
8024.5  0.0104224  26
8025  0.0107905  26
8025.5  0.0113284  26
8026  0.0125672  26
8026.5  0.0129022  26
8027  0.0131168  26
8027.5  0.0134961  26
8028  0.013305  26
8028.5  0.0145455  26
8029  0.0150761  26
8029.5  0.0152518  26
8030  0.0159722  26
8030.5  0.0172371  26
8031  0.0181599  26
8031.5  0.0189052  26
8032  0.0190554  26
8032.5  0.018851  26
8033  0.0199633  26
8033.5  0.0197463  26
8034  0.0211874  26
8034.5  0.0211856  26
8035  0.0228162  26
8035.5  0.0237  26
8036  0.0246216  26
8036.5  0.0251636  26
8037  0.0251109  26
8037.5  0.0256149  26
8038  0.0264983  26
8038.5  0.0280771  26
8039  0.0305537  26
8039.5  0.0317906  26
8040  0.0344689  26
8040.5  0.0365906  26
8041  0.0380925  26
8041.5  0.0389243  26
8042  0.0403753  26
8042.5  0.041965  26
8043  0.043491  26
8043.5  0.0455726  26
8044  0.0465542  26
8044.5  0.0480157  26
8045  0.0500705  26
8045.5  0.0519985  26
8046  0.0534334  26
8046.5  0.0548174  26
8047  0.0564538  26
8047.5  0.0580898  26
8048  0.0597256  26
8048.5  0.0616642  26
8049  0.0640444  26
8049.5  0.0661467  26
8050  0.0674032  26
8050.5  0.0710578  26
8051  0.0729323  26
8051.5  0.0757026  26
8052  0.0785735  26
8052.5  0.0813939  26
8053  0.0843276  26
8053.5  0.0874251  26
8054  0.0900807  26
8054.5  0.0918025  26
8055  0.0942807  26
8055.5  0.0980951  26
8056  0.100029  26
8056.5  0.102404  26
8057  0.106707  26
8057.5  0.110883  26
8058  0.114502  26
8058.5  0.11846  26
8059  0.123048  26
8059.5  0.127156  26
8060  0.130924  26
8060.5  0.134817  26
8061  0.139088  26
8061.5  0.142728  26
8062  0.147124  26
8062.5  0.151393  26
8063  0.154528  26
8063.5  0.158418  26
8064  0.163063  26
8064.5  0.168338  26
8065  0.172982  26
8065.5  0.177499  26
8066  0.182394  26
8066.5  0.185777  26
8067  0.191049  26
8067.5  0.19569  26
8068  0.199954  26
8068.5  0.204971  26
8069  0.209863  26
8069.5  0.21488  26
8070  0.219771  26
8070.5  0.225793  26
8071  0.231689  26
8071.5  0.237079  26
8072  0.242844  26
8072.5  0.249235  26
8073  0.25336  26
8073.5  0.259369  26
8074  0.265125  26
8074.5  0.270628  26
8075  0.275125  26
8075.5  0.281379  26
8076  0.287005  26
8076.5  0.292505  26
8077  0.299262  26
8077.5  0.306395  26
8078  0.3129  26
8078.5  0.319153  26
8079  0.327289  26
8079.5  0.333164  26
8080  0.338787  26
8080.5  0.344913  26
8081  0.352545  26
8081.5  0.359549  26
8082  0.367056  26
8082.5  0.37318  26
8083  0.379178  26
8083.5  0.386555  26
8084  0.394056  26
8084.5  0.400299  26
8085  0.407543  26
8085.5  0.415787  26
8086  0.422647  26
8086.5  0.429128  26
8087  0.436107  26
8087.5  0.441704  26
8088  0.448804  26
8088.5  0.455276  26
8089  0.463378  26
8089.5  0.471228  26
8090  0.477449  26
8090.5  0.485679  26
8091  0.492797  26
8091.5  0.497429  26
8092  0.505335  26
8092.5  0.51388  26
8093  0.521682  26
8093.5  0.528236  26
8094  0.535919  26
8094.5  0.543723  26
8095  0.550642  26
8095.5  0.559555  26
8096  0.568825  26
8096.5  0.576693  26
8097  0.583905  26
8097.5  0.592084  26
8098  0.599221  26
8098.5  0.60869  26
8099  0.617227  26
8099.5  0.624952  26
8100  0.631733  26
8100.5  0.642202  26
8101  0.650118  26
8101.5  0.652629  26
8102  0.662735  26
8102.5  0.671086  26
8103  0.676454  26
8103.5  0.685952  26
8104  0.69557  26
8104.5  0.703066  26
8105  0.709811  26
8105.5  0.714326  26
8106  0.718726  26
8106.5  0.72487  26
8107  0.733125  26
8107.5  0.742617  26
8108  0.749381  26
8108.5  0.756019  26
8109  0.76092  26
8109.5  0.76878  26
8110  0.774158  26
8110.5  0.779895  26
8111  0.787221  26
8111.5  0.794897  26
8112  0.801811  26
8112.5  0.807962  26
8113  0.81187  26
8113.5  0.818949  26
8114  0.824888  26
8114.5  0.829936  26
8115  0.832266  26
8115.5  0.836799  26
8116  0.843909  26
8116.5  0.846124  26
8117  0.850177  26
8117.5  0.860105  26
8118  0.862699  26
8118.5  0.866764  26
8119  0.873029  26
8119.5  0.876366  26
8120  0.880803  26
8120.5  0.885241  26
8121  0.889556  26
8121.5  0.895695  26
8122  0.903045  26
8122.5  0.906865  26
8123  0.911774  26
8123.5  0.914008  26
8124  0.918785  26
8124.5  0.923797  26
8125  0.930253  26
8125.5  0.933551  26
8126  0.938049  26
8126.5  0.943019  26
8127  0.944835  26
8127.5  0.944226  26
8128  0.947107  26
8128.5  0.950461  26
8129  0.953816  26
8129.5  0.954764  26
8130  0.956198  26
8130.5  0.958718  26
8131  0.962564  26
8131.5  0.964247  26
8132  0.963294  26
8132.5  0.963187  26
8133  0.966923  26
8133.5  0.968742  26
8134  0.970445  26
8134.5  0.970595  26
8135  0.972544  26
8135.5  0.976888  26
8136  0.973106  26
8136.5  0.972916  26
8137  0.97309  26
8137.5  0.973387  26
8138  0.978458  26
8138.5  0.982217  26
8139  0.982285  26
8139.5  0.984738  26
8140  0.98636  26
8140.5  0.986915  26
8141  0.983553  26
8141.5  0.982575  26
8142  0.980886  26
8142.5  0.978147  26
8143  0.97962  26
8143.5  0.979846  26
8144  0.979534  26
8144.5  0.980101  26
8145  0.981305  26
8145.5  0.983139  26
8146  0.985836  26
8146.5  0.986666  26
8147  0.986572  26
8147.5  0.991233  26
8148  0.991763  26
8148.5  0.997984  26
8149  0.998406  26
8149.5  0.996814  26
8150  0.997937  26
8150.5  1.00011  26
8151  0.99943  26
8151.5  0.998014  26
8152  0.997877  26
8152.5  0.998924  26
8153  0.997724  26
8153.5  0.997355  26
8154  0.993676  26
8154.5  0.989527  26
8155  0.989757  26
8155.5  0.987272  26
8156  0.98597  26
8156.5  0.984427  26
8157  0.985947  26
8157.5  0.984267  26
8158  0.983996  26
8158.5  0.98667  26
8159  0.983079  26
8159.5  0.986333  26
8160  0.987339  26
8160.5  0.987518  26
8161  0.986752  26
8161.5  0.983276  26
8162  0.980393  26
8162.5  0.97669  26
8163  0.975943  26
8163.5  0.970016  26
8164  0.969282  26
8164.5  0.964661  26
8165  0.959808  26
8165.5  0.958729  26
8166  0.954707  26
8166.5  0.951276  26
8167  0.952325  26
8167.5  0.946662  26
8168  0.946541  26
8168.5  0.943834  26
8169  0.94431  26
8169.5  0.941959  26
8170  0.937722  26
8170.5  0.937009  26
8171  0.932051  26
8171.5  0.929435  26
8172  0.924811  26
8172.5  0.923828  26
8173  0.918137  26
8173.5  0.916326  26
8174  0.912518  26
8174.5  0.909772  26
8175  0.909383  26
8175.5  0.902539  26
8176  0.897814  26
8176.5  0.892624  26
8177  0.888963  26
8177.5  0.884484  26
8178  0.879655  26
8178.5  0.879408  26
8179  0.87658  26
8179.5  0.875867  26
8180  0.872927  26
8180.5  0.868464  26
8181  0.867294  26
8181.5  0.864137  26
8182  0.860515  26
8182.5  0.856895  26
8183  0.849993  26
8183.5  0.84684  26
8184  0.843681  26
8184.5  0.837586  26
8185  0.829842  26
8185.5  0.824313  26
8186  0.820651  26
8186.5  0.816402  26
8187  0.811339  26
8187.5  0.807921  26
8188  0.803218  26
8188.5  0.798168  26
8189  0.79476  26
8189.5  0.788195  26
8190  0.784209  26
8190.5  0.77847  26
8191  0.771215  26
8191.5  0.767705  26
8192  0.762211  26
8192.5  0.75707  26
8193  0.752399  26
8193.5  0.747381  26
8194  0.740146  26
8194.5  0.733032  26
8195  0.726505  26
8195.5  0.718346  26
8196  0.710542  26
8196.5  0.703208  26
8197  0.697745  26
8197.5  0.691817  26
8198  0.684959  26
8198.5  0.679387  26
8199  0.673585  26
8199.5  0.667785  26
8200  0.661168  26
8200.5  0.655835  26
8201  0.650036  26
8201.5  0.643771  26
8202  0.637274  26
8202.5  0.627865  26
8203  0.620207  26
8203.5  0.612318  26
8204  0.60688  26
8204.5  0.598764  26
8205  0.591933  26
8205.5  0.585687  26
8206  0.579212  26
8206.5  0.570412  26
8207  0.563593  26
8207.5  0.556545  26
8208  0.549033  26
8208.5  0.539662  26
8209  0.530875  26
8209.5  0.523371  26
8210  0.518662  26
8210.5  0.510232  26
8211  0.504132  26
8211.5  0.49792  26
8212  0.490313  26
8212.5  0.48387  26
8213  0.473706  26
8213.5  0.466099  26
8214  0.458838  26
8214.5  0.450995  26
8215  0.441057  26
8215.5  0.434722  26
8216  0.426064  26
8216.5  0.417523  26
8217  0.4091  26
8217.5  0.40219  26
8218  0.393657  26
8218.5  0.388264  26
8219  0.381365  26
8219.5  0.373657  26
8220  0.365951  26
8220.5  0.358595  26
8221  0.350894  26
8221.5  0.343079  26
8222  0.334918  26
8222.5  0.327921  26
8223  0.320579  26
8223.5  0.311151  26
8224  0.303466  26
8224.5  0.296479  26
8225  0.28903  26
8225.5  0.280886  26
8226  0.272278  26
8226.5  0.266918  26
8227  0.258775  26
8227.5  0.250748  26
8228  0.244112  26
8228.5  0.236896  26
8229  0.230259  26
8229.5  0.223275  26
8230  0.216872  26
8230.5  0.210587  26
8231  0.205114  26
8231.5  0.197791  26
8232  0.19163  26
8232.5  0.185817  26
8233  0.18128  26
8233.5  0.17466  26
8234  0.170126  26
8234.5  0.162932  26
8235  0.157823  26
8235.5  0.152716  26
8236  0.14599  26
8236.5  0.140886  26
8237  0.134858  26
8237.5  0.13045  26
8238  0.125465  26
8238.5  0.119787  26
8239  0.114978  26
8239.5  0.112782  26
8240  0.108736  26
8240.5  0.104819  26
8241  0.0994808  26
8241.5  0.0960501  26
8242  0.0932322  26
8242.5  0.0876766  26
8243  0.0839702  26
8243.5  0.0810962  26
8244  0.0780612  26
8244.5  0.07475  26
8245  0.0715667  26
8245.5  0.0676107  26
8246  0.0644291  26
8246.5  0.0613754  26
8247  0.0592919  26
8247.5  0.0568743  26
8248  0.054238  26
8248.5  0.0519485  26
8249  0.0487595  26
8249.5  0.0460326  26
8250  0.0432255  26
8250.5  0.0412034  26
8251  0.0387779  26
8251.5  0.0358107  26
8252  0.0340319  26
8252.5  0.032484  26
8253  0.0297949  26
8253.5  0.0276942  26
8254  0.0256629  26
8254.5  0.0246004  26
8255  0.0244255  26
8255.5  0.0216343  26
8256  0.0200882  26
8256.5  0.0191301  26
8257  0.0194051  26
8257.5  0.0184356  26
8258  0.0162682  26
8258.5  0.0167623  26
8259  0.0145838  26
8259.5  0.0129931  26
8260  0.012543  26
8260.5  0.0123693  26
8261  0.0114414  26
8261.5  0.011124  26
8262  0.0111267  26
8262.5  0.0109717  26
8263  0.0108374  26
8263.5  0.0108574  26
8264  0.0113541  26
8264.5  0.0115456  26
8265  0.0125234  26
8265.5  0.0133283  26
8266  0.0144785  26
8266.5  0.0151337  26
8267  0.016134  26
8267.5  0.0174795  26
8268  0.0185027  26
8268.5  0.0186744  26
8269  0.0206754  26
8269.5  0.0218825  26
8270  0.023216  26
8280  0  26
# 38 ./VISTA.NB118 0 27
11680  0  27
11690  0.00607812  27
11700  0.00670107  27
11710  0.00765028  27
11720  0.0087544  27
11730  0.0103511  27
11740  0.0108375  27
11750  0.0122557  27
11760  0.0138773  27
11770  0.0166386  27
11780  0.0182288  27
11790  0.0229907  27
11800  0.0268493  27
11810  0.0367906  27
11820  0.046669  27
11830  0.0798949  27
11840  0.117236  27
11850  0.215788  27
11860  0.320103  27
11870  0.486168  27
11880  0.554336  27
11890  0.593208  27
11900  0.577178  27
11910  0.541154  27
11920  0.527348  27
11930  0.514775  27
11940  0.507257  27
11950  0.473421  27
11960  0.420457  27
11970  0.296714  27
11980  0.204822  27
11990  0.103009  27
12000  0.0622332  27
12010  0.0301406  27
12020  0.0189946  27
12030  0.00986972  27
12040  0.00636594  27
12050  0  27
# 350 ./IRAC.I1 0 28
31302.9  0  28
31312.9  0.00576  28
31331.9  0.006889  28
31350.8  0.008313  28
31369.8  0.01017  28
31388.8  0.01218  28
31407.8  0.01482  28
31426.8  0.01816  28
31445.9  0.02181  28
31464.9  0.02646  28
31484.1  0.03197  28
31503.2  0.03857  28
31522.3  0.0465  28
31541.5  0.05522  28
31560.7  0.06533  28
31579.9  0.0774  28
31599.2  0.09147  28
31618.4  0.1061  28
31637.7  0.122  28
31657  0.1406  28
31676.4  0.1589  28
31695.7  0.1788  28
31715.1  0.2002  28
31734.5  0.2205  28
31754  0.2412  28
31773.4  0.2618  28
31792.9  0.2822  28
31812.4  0.2986  28
31831.9  0.314  28
31851.5  0.3304  28
31871.1  0.3431  28
31890.7  0.3529  28
31910.3  0.3606  28
31929.9  0.3685  28
31949.6  0.3723  28
31969.3  0.3737  28
31989  0.375  28
32008.8  0.3744  28
32028.6  0.3718  28
32048.4  0.3703  28
32068.2  0.3686  28
32088  0.3653  28
32107.9  0.3619  28
32127.8  0.358  28
32147.7  0.3541  28
32167.6  0.3513  28
32187.6  0.3495  28
32207.6  0.3484  28
32227.6  0.3452  28
32247.7  0.3437  28
32267.7  0.3446  28
32287.8  0.3436  28
32307.9  0.3436  28
32328.1  0.3443  28
32348.2  0.3448  28
32368.4  0.3474  28
32388.7  0.3496  28
32408.9  0.3512  28
32429.2  0.3541  28
32449.5  0.3578  28
32469.8  0.3623  28
32490.1  0.3661  28
32510.5  0.3698  28
32530.9  0.3748  28
32551.3  0.3795  28
32571.8  0.3841  28
32592.2  0.3895  28
32612.7  0.3936  28
32633.2  0.3974  28
32653.8  0.4007  28
32674.4  0.4034  28
32695  0.4065  28
32715.6  0.4104  28
32736.3  0.4125  28
32756.9  0.4137  28
32777.6  0.4158  28
32798.4  0.4158  28
32819.1  0.4163  28
32839.9  0.4165  28
32860.7  0.4153  28
32881.6  0.4145  28
32902.4  0.4143  28
32923.3  0.4145  28
32944.2  0.4134  28
32965.2  0.4125  28
32986.2  0.4117  28
33007.1  0.4091  28
33028.2  0.4086  28
33049.2  0.4091  28
33070.3  0.4069  28
33091.4  0.406  28
33112.5  0.4056  28
33133.7  0.405  28
33154.9  0.4055  28
33176.1  0.4044  28
33197.3  0.4024  28
33218.6  0.4027  28
33239.9  0.4036  28
33261.2  0.4042  28
33282.6  0.4047  28
33303.9  0.4043  28
33325.3  0.4047  28
33346.8  0.4066  28
33368.2  0.4068  28
33389.7  0.4066  28
33411.2  0.407  28
33432.8  0.4067  28
33454.3  0.4065  28
33475.9  0.4067  28
33497.6  0.4072  28
33519.2  0.407  28
33540.9  0.4066  28
33562.6  0.4063  28
33584.3  0.4051  28
33606.1  0.4051  28
33627.9  0.4049  28
33649.7  0.4039  28
33671.6  0.4048  28
33693.5  0.4041  28
33715.4  0.4016  28
33737.3  0.4033  28
33759.3  0.4056  28
33781.3  0.4056  28
33803.3  0.4063  28
33825.3  0.4071  28
33847.4  0.408  28
33869.5  0.4109  28
33891.7  0.4135  28
33913.8  0.416  28
33936  0.4187  28
33958.2  0.4208  28
33980.5  0.4245  28
34002.8  0.4273  28
34025.1  0.4291  28
34047.4  0.4321  28
34069.8  0.4333  28
34092.2  0.4335  28
34114.6  0.4353  28
34137.1  0.4367  28
34159.6  0.4354  28
34182.1  0.4344  28
34204.6  0.4356  28
34227.2  0.4351  28
34249.8  0.4343  28
34272.5  0.434  28
34295.1  0.4303  28
34317.8  0.4265  28
34340.6  0.4254  28
34363.3  0.4243  28
34386.1  0.4221  28
34408.9  0.4202  28
34431.8  0.4179  28
34454.6  0.4163  28
34477.5  0.4157  28
34500.5  0.4143  28
34523.5  0.4139  28
34546.5  0.414  28
34569.5  0.4131  28
34592.6  0.4134  28
34615.6  0.4145  28
34638.8  0.4158  28
34661.9  0.4176  28
34685.1  0.4186  28
34708.3  0.4194  28
34731.6  0.4218  28
34754.8  0.4248  28
34778.2  0.4271  28
34801.5  0.4305  28
34824.9  0.4343  28
34848.3  0.4369  28
34871.7  0.4402  28
34895.2  0.4434  28
34918.7  0.4451  28
34942.2  0.4477  28
34965.8  0.4506  28
34989.4  0.4529  28
35013  0.4557  28
35036.6  0.4572  28
35060.3  0.4564  28
35084.1  0.4564  28
35107.8  0.4583  28
35131.6  0.4599  28
35155.4  0.4605  28
35179.3  0.4614  28
35203.1  0.4615  28
35227.1  0.4615  28
35251  0.4616  28
35275  0.4615  28
35299  0.4621  28
35323  0.4629  28
35347.1  0.462  28
35371.2  0.4596  28
35395.4  0.458  28
35419.6  0.4582  28
35443.8  0.4571  28
35468  0.4555  28
35492.3  0.4555  28
35516.6  0.4547  28
35540.9  0.4537  28
35565.3  0.4528  28
35589.7  0.4518  28
35614.2  0.4521  28
35638.6  0.4526  28
35663.2  0.4526  28
35687.7  0.4515  28
35712.3  0.4505  28
35736.9  0.4503  28
35761.5  0.4508  28
35786.2  0.4522  28
35810.9  0.4528  28
35835.7  0.4528  28
35860.5  0.4544  28
35885.3  0.4562  28
35910.1  0.4574  28
35935  0.4586  28
35959.9  0.4595  28
35984.9  0.4602  28
36009.9  0.4602  28
36034.9  0.4596  28
36060  0.4595  28
36085.1  0.4588  28
36110.2  0.4591  28
36135.4  0.4597  28
36160.6  0.4584  28
36185.8  0.4576  28
36211.1  0.4568  28
36236.4  0.4558  28
36261.7  0.4553  28
36287.1  0.4536  28
36312.5  0.4509  28
36337.9  0.4487  28
36363.4  0.4469  28
36388.9  0.4456  28
36414.5  0.4448  28
36440.1  0.4425  28
36465.7  0.4406  28
36491.4  0.4401  28
36517.1  0.4381  28
36542.8  0.4369  28
36568.6  0.4376  28
36594.4  0.4364  28
36620.2  0.4352  28
36646.1  0.4355  28
36672  0.4357  28
36698  0.4367  28
36724  0.4382  28
36750  0.4389  28
36776.1  0.439  28
36802.2  0.4405  28
36828.3  0.4441  28
36854.5  0.446  28
36880.7  0.4468  28
36906.9  0.4495  28
36933.2  0.4525  28
36959.5  0.4551  28
36985.9  0.4572  28
37012.3  0.459  28
37038.7  0.4602  28
37065.2  0.4623  28
37091.7  0.4658  28
37118.3  0.4688  28
37144.9  0.4702  28
37171.5  0.4705  28
37198.2  0.4705  28
37224.9  0.471  28
37251.6  0.4721  28
37278.4  0.4732  28
37305.2  0.4734  28
37332.1  0.4727  28
37359  0.473  28
37385.9  0.4728  28
37412.9  0.4728  28
37439.9  0.4732  28
37466.9  0.4723  28
37494  0.471  28
37521.2  0.4697  28
37548.3  0.4694  28
37575.5  0.4697  28
37602.8  0.4675  28
37630.1  0.4647  28
37657.4  0.4637  28
37684.8  0.4635  28
37712.2  0.4622  28
37739.6  0.4604  28
37767.1  0.4601  28
37794.6  0.4596  28
37822.2  0.4584  28
37849.8  0.4567  28
37877.5  0.4568  28
37905.1  0.4575  28
37932.9  0.4568  28
37960.6  0.4571  28
37988.4  0.4571  28
38016.3  0.4556  28
38044.2  0.4564  28
38072.1  0.4569  28
38100.1  0.4541  28
38128.1  0.453  28
38156.2  0.4529  28
38184.3  0.4511  28
38212.4  0.4495  28
38240.6  0.447  28
38268.8  0.4443  28
38297.1  0.443  28
38325.4  0.4413  28
38353.7  0.4385  28
38382.1  0.4374  28
38410.5  0.4352  28
38439  0.4317  28
38467.5  0.4302  28
38496.1  0.4294  28
38524.7  0.428  28
38553.3  0.428  28
38582  0.428  28
38610.7  0.4282  28
38639.5  0.4301  28
38668.3  0.433  28
38697.2  0.4364  28
38726.1  0.4396  28
38755  0.4423  28
38784  0.4445  28
38813  0.4461  28
38842.1  0.4471  28
38871.2  0.4483  28
38900.4  0.4473  28
38929.6  0.4437  28
38958.9  0.4347  28
38988.1  0.4211  28
39017.5  0.405  28
39046.9  0.3835  28
39076.3  0.3559  28
39105.8  0.3286  28
39135.3  0.2937  28
39164.8  0.2563  28
39194.4  0.2215  28
39224.1  0.1869  28
39253.8  0.1522  28
39283.5  0.1237  28
39313.3  0.0989  28
39343.1  0.0775  28
39373  0.05869  28
39402.9  0.04485  28
39432.9  0.03373  28
39462.9  0.02515  28
39492.9  0.01877  28
39523  0.01376  28
39553.2  0.00961  28
39583.4  0.006888  28
39613.6  0.004779  28
39623.6  0  28
# 300 ./IRAC.I2 0 29
39184.4  0  29
39194.4  0.006273  29
39224.1  0.007327  29
39253.8  0.008786  29
39283.5  0.01068  29
39313.3  0.01237  29
39343.1  0.01432  29
39373  0.01668  29
39402.9  0.01937  29
39432.9  0.02232  29
39462.9  0.02581  29
39492.9  0.02994  29
39523  0.03479  29
39553.2  0.04024  29
39583.4  0.0469  29
39613.6  0.05481  29
39643.9  0.06381  29
39674.2  0.07436  29
39704.6  0.08669  29
39735  0.101  29
39765.5  0.1175  29
39796  0.1358  29
39826.6  0.1573  29
39857.2  0.1793  29
39887.9  0.2023  29
39918.6  0.2281  29
39949.3  0.2522  29
39980.1  0.2775  29
40011  0.3004  29
40041.9  0.3207  29
40072.8  0.339  29
40103.8  0.355  29
40134.9  0.3669  29
40165.9  0.3755  29
40197.1  0.3805  29
40228.3  0.3837  29
40259.5  0.3854  29
40290.8  0.3846  29
40322.1  0.3824  29
40353.5  0.3798  29
40384.9  0.3781  29
40416.4  0.3743  29
40447.9  0.3695  29
40479.5  0.3657  29
40511.1  0.3607  29
40542.8  0.3568  29
40574.5  0.3531  29
40606.3  0.3488  29
40638.1  0.3443  29
40670  0.3402  29
40701.9  0.3367  29
40733.9  0.3337  29
40765.9  0.3308  29
40798  0.3283  29
40830.1  0.3268  29
40862.3  0.3262  29
40894.5  0.3254  29
40926.8  0.3249  29
40959.1  0.3251  29
40991.5  0.326  29
41023.9  0.3283  29
41056.4  0.3303  29
41088.9  0.3324  29
41121.5  0.3351  29
41154.2  0.3386  29
41186.8  0.3448  29
41219.6  0.3507  29
41252.4  0.3552  29
41285.2  0.3617  29
41318.1  0.3689  29
41351.1  0.3764  29
41384.1  0.3838  29
41417.1  0.3916  29
41450.2  0.3995  29
41483.4  0.4085  29
41516.6  0.4181  29
41549.9  0.4269  29
41583.2  0.4349  29
41616.6  0.4411  29
41650  0.4473  29
41683.5  0.4545  29
41717  0.4605  29
41750.6  0.466  29
41784.2  0.4709  29
41817.9  0.4755  29
41851.7  0.4798  29
41885.5  0.4841  29
41919.3  0.4885  29
41953.3  0.4908  29
41987.2  0.4922  29
42021.3  0.4948  29
42055.3  0.4967  29
42089.5  0.4972  29
42123.7  0.4974  29
42157.9  0.497  29
42192.2  0.4972  29
42226.6  0.4963  29
42261  0.4942  29
42295.5  0.4923  29
42330  0.4904  29
42364.6  0.4883  29
42399.2  0.4873  29
42433.9  0.4847  29
42468.7  0.4805  29
42503.5  0.4773  29
42538.3  0.4749  29
42573.3  0.4728  29
42608.2  0.4704  29
42643.3  0.468  29
42678.4  0.4674  29
42713.5  0.4664  29
42748.7  0.4646  29
42784  0.4651  29
42819.3  0.4659  29
42854.7  0.4657  29
42890.2  0.4662  29
42925.7  0.4677  29
42961.3  0.4714  29
42996.9  0.4744  29
43032.6  0.4773  29
43068.3  0.4807  29
43104.1  0.4832  29
43140  0.4864  29
43175.9  0.4902  29
43211.9  0.4929  29
43247.9  0.4954  29
43284  0.4983  29
43320.2  0.5014  29
43356.4  0.5046  29
43392.7  0.5069  29
43429  0.509  29
43465.4  0.5108  29
43501.9  0.5128  29
43538.4  0.5148  29
43575  0.5156  29
43611.6  0.5162  29
43648.3  0.5194  29
43685.1  0.5228  29
43721.9  0.5237  29
43758.8  0.5252  29
43795.8  0.5279  29
43832.8  0.5299  29
43869.9  0.5313  29
43907.1  0.5336  29
43944.3  0.5368  29
43981.5  0.5391  29
44018.9  0.5407  29
44056.3  0.5423  29
44093.7  0.5438  29
44131.3  0.5459  29
44168.9  0.5473  29
44206.5  0.547  29
44244.2  0.5471  29
44282  0.5479  29
44319.9  0.548  29
44357.8  0.5481  29
44395.7  0.5481  29
44433.8  0.5464  29
44471.9  0.5462  29
44510.1  0.5467  29
44548.3  0.5443  29
44586.6  0.5419  29
44625  0.5417  29
44663.4  0.5418  29
44701.9  0.54  29
44740.5  0.5375  29
44779.1  0.5365  29
44817.8  0.5351  29
44856.6  0.5323  29
44895.4  0.531  29
44934.3  0.5297  29
44973.3  0.5266  29
45012.4  0.5235  29
45051.5  0.5218  29
45090.6  0.5191  29
45129.9  0.5165  29
45169.2  0.5155  29
45208.6  0.5135  29
45248  0.511  29
45287.5  0.5099  29
45327.1  0.5082  29
45366.8  0.5067  29
45406.5  0.5069  29
45446.3  0.5069  29
45486.2  0.5052  29
45526.1  0.504  29
45566.1  0.5037  29
45606.2  0.5032  29
45646.3  0.5034  29
45686.5  0.5032  29
45726.8  0.5018  29
45767.2  0.5006  29
45807.6  0.4998  29
45848.1  0.4981  29
45888.7  0.4955  29
45929.3  0.4939  29
45970.1  0.493  29
46010.9  0.4911  29
46051.7  0.4889  29
46092.7  0.486  29
46133.7  0.4836  29
46174.7  0.4812  29
46215.9  0.4777  29
46257.1  0.4752  29
46298.4  0.4725  29
46339.8  0.4697  29
46381.2  0.4705  29
46422.8  0.4717  29
46464.4  0.4726  29
46506  0.4744  29
46547.8  0.4751  29
46589.6  0.4765  29
46631.5  0.4797  29
46673.5  0.4826  29
46715.5  0.4845  29
46757.6  0.4863  29
46799.8  0.4889  29
46842.1  0.491  29
46884.5  0.4923  29
46926.9  0.4941  29
46969.4  0.4955  29
47012  0.497  29
47054.7  0.4983  29
47097.4  0.4985  29
47140.2  0.4979  29
47183.1  0.4966  29
47226.1  0.4946  29
47269.1  0.4938  29
47312.3  0.4923  29
47355.5  0.4891  29
47398.7  0.4853  29
47442.1  0.4833  29
47485.6  0.4805  29
47529.1  0.4767  29
47572.7  0.4738  29
47616.4  0.4707  29
47660.1  0.4671  29
47704  0.4648  29
47747.9  0.4622  29
47791.9  0.4582  29
47836  0.4543  29
47880.2  0.4513  29
47924.4  0.4496  29
47968.8  0.4485  29
48013.2  0.4467  29
48057.7  0.4452  29
48102.3  0.4436  29
48146.9  0.4421  29
48191.7  0.4421  29
48236.5  0.4421  29
48281.4  0.4405  29
48326.4  0.4399  29
48371.5  0.441  29
48416.6  0.4411  29
48461.9  0.4405  29
48507.2  0.4409  29
48552.7  0.441  29
48598.2  0.4406  29
48643.7  0.4411  29
48689.4  0.441  29
48735.2  0.4411  29
48781  0.4414  29
48827  0.4418  29
48873  0.4435  29
48919.1  0.4441  29
48965.3  0.4446  29
49011.6  0.4454  29
49057.9  0.4461  29
49104.4  0.446  29
49150.9  0.4438  29
49197.6  0.4419  29
49244.3  0.4391  29
49291.1  0.4344  29
49338  0.4271  29
49385  0.4187  29
49432.1  0.4108  29
49479.2  0.4023  29
49526.5  0.3936  29
49573.8  0.3861  29
49621.3  0.38  29
49668.8  0.3764  29
49716.4  0.3743  29
49764.1  0.3726  29
49811.9  0.3716  29
49859.8  0.3728  29
49907.8  0.3686  29
49955.9  0.3562  29
50004.1  0.3303  29
50052.3  0.2932  29
50100.7  0.2478  29
50149.2  0.1927  29
50197.7  0.139  29
50246.3  0.09684  29
50295.1  0.06535  29
50343.9  0.04236  29
50392.8  0.02735  29
50441.9  0.01749  29
50491  0.01081  29
50540.2  0.006694  29
50550.2  0  29
# 264 ./IRAC.I3 0 30
49001.6  0  30
49011.6  0.001799  30
49057.9  0.002635  30
49104.4  0.003611  30
49150.9  0.004625  30
49197.6  0.005849  30
49244.3  0.007203  30
49291.1  0.008569  30
49338  0.01052  30
49385  0.01295  30
49432.1  0.01591  30
49479.2  0.01933  30
49526.5  0.02243  30
49573.8  0.02605  30
49621.3  0.02958  30
49668.8  0.03298  30
49716.4  0.03637  30
49764.1  0.03989  30
49811.9  0.04359  30
49859.8  0.04734  30
49907.8  0.05102  30
49955.9  0.05547  30
50004.1  0.05867  30
50052.3  0.06256  30
50100.7  0.06592  30
50149.2  0.06873  30
50197.7  0.07092  30
50246.3  0.07309  30
50295.1  0.07452  30
50343.9  0.07602  30
50392.8  0.07741  30
50441.9  0.07852  30
50491  0.0799  30
50540.2  0.08102  30
50589.5  0.08237  30
50638.9  0.08383  30
50688.4  0.08533  30
50738  0.08704  30
50787.7  0.08925  30
50837.5  0.09112  30
50887.4  0.09334  30
50937.4  0.09547  30
50987.4  0.09705  30
51037.6  0.09815  30
51087.9  0.09923  30
51138.3  0.1002  30
51188.8  0.1009  30
51239.4  0.1017  30
51290  0.1024  30
51340.8  0.1029  30
51391.7  0.1034  30
51442.7  0.1037  30
51493.8  0.1038  30
51545  0.1038  30
51596.3  0.1039  30
51647.6  0.104  30
51699.1  0.1043  30
51750.7  0.1048  30
51802.4  0.1053  30
51854.2  0.1059  30
51906.1  0.1066  30
51958.1  0.1072  30
52010.3  0.108  30
52062.5  0.1088  30
52114.8  0.1095  30
52167.2  0.1102  30
52219.8  0.1109  30
52272.4  0.1115  30
52325.2  0.1121  30
52378  0.1127  30
52431  0.1129  30
52484  0.1129  30
52537.2  0.1123  30
52590.5  0.1116  30
52643.9  0.111  30
52697.4  0.1102  30
52751  0.1095  30
52804.7  0.1092  30
52858.5  0.1093  30
52912.5  0.1099  30
52966.5  0.1106  30
53020.7  0.1111  30
53075  0.1119  30
53129.3  0.1126  30
53183.8  0.1135  30
53238.4  0.1145  30
53293.1  0.1156  30
53348  0.1165  30
53402.9  0.1176  30
53458  0.1186  30
53513.1  0.1195  30
53568.4  0.1203  30
53623.8  0.121  30
53679.3  0.1216  30
53735  0.1222  30
53790.7  0.1227  30
53846.6  0.1229  30
53902.5  0.1229  30
53958.6  0.1229  30
54014.8  0.1228  30
54071.1  0.1226  30
54127.6  0.1225  30
54184.2  0.1221  30
54240.8  0.122  30
54297.6  0.1219  30
54354.5  0.1217  30
54411.6  0.1217  30
54468.7  0.1216  30
54526  0.1217  30
54583.4  0.1218  30
54640.9  0.1219  30
54698.6  0.1218  30
54756.3  0.1219  30
54814.2  0.1218  30
54872.2  0.1219  30
54930.3  0.1217  30
54988.6  0.1217  30
55047  0.1218  30
55105.5  0.122  30
55164.1  0.1226  30
55222.8  0.1232  30
55281.7  0.1239  30
55340.7  0.1245  30
55399.8  0.1253  30
55459.1  0.1261  30
55518.4  0.1268  30
55578  0.1275  30
55637.6  0.1282  30
55697.3  0.1289  30
55757.2  0.1296  30
55817.3  0.1296  30
55877.4  0.1294  30
55937.7  0.1292  30
55998.1  0.1289  30
56058.6  0.1288  30
56119.3  0.1288  30
56180.1  0.129  30
56241  0.1296  30
56302.1  0.1303  30
56363.3  0.1311  30
56424.6  0.1318  30
56486.1  0.1324  30
56547.7  0.133  30
56609.4  0.1335  30
56671.3  0.134  30
56733.3  0.1344  30
56795.4  0.1343  30
56857.7  0.1342  30
56920.1  0.1341  30
56982.7  0.1341  30
57045.4  0.1343  30
57108.2  0.1349  30
57171.1  0.1354  30
57234.3  0.1359  30
57297.5  0.1364  30
57360.9  0.1368  30
57424.4  0.137  30
57488.1  0.1374  30
57551.9  0.1376  30
57615.8  0.1374  30
57679.9  0.1366  30
57744.1  0.136  30
57808.5  0.1352  30
57873  0.1348  30
57937.7  0.1348  30
58002.5  0.1353  30
58067.4  0.1358  30
58132.5  0.1363  30
58197.8  0.137  30
58263.2  0.1376  30
58328.7  0.1381  30
58394.4  0.1386  30
58460.2  0.139  30
58526.2  0.1393  30
58592.4  0.1397  30
58658.6  0.1396  30
58725.1  0.1397  30
58791.6  0.1397  30
58858.4  0.1397  30
58925.3  0.1398  30
58992.3  0.1401  30
59059.5  0.1403  30
59126.8  0.1406  30
59194.3  0.1409  30
59262  0.1413  30
59329.8  0.1416  30
59397.7  0.1417  30
59465.9  0.1419  30
59534.1  0.142  30
59602.6  0.142  30
59671.2  0.1421  30
59739.9  0.142  30
59808.8  0.142  30
59877.9  0.1421  30
59947.1  0.142  30
60016.5  0.1419  30
60086  0.1416  30
60155.7  0.1415  30
60225.6  0.1415  30
60295.6  0.1417  30
60365.8  0.1417  30
60436.2  0.1418  30
60506.7  0.1419  30
60577.4  0.1419  30
60648.2  0.1418  30
60719.2  0.142  30
60790.4  0.142  30
60861.8  0.1416  30
60933.3  0.141  30
61005  0.1401  30
61076.8  0.1392  30
61148.9  0.1382  30
61221.1  0.1374  30
61293.4  0.1368  30
61366  0.1361  30
61438.7  0.1357  30
61511.5  0.1354  30
61584.6  0.1352  30
61657.8  0.1352  30
61731.2  0.135  30
61804.8  0.1347  30
61878.6  0.1347  30
61952.5  0.1341  30
62026.6  0.1333  30
62100.9  0.1323  30
62175.3  0.1309  30
62250  0.1292  30
62324.8  0.1278  30
62399.8  0.1263  30
62475  0.1253  30
62550.3  0.1249  30
62625.9  0.1245  30
62701.6  0.1244  30
62777.5  0.1246  30
62853.6  0.1248  30
62929.9  0.1251  30
63006.4  0.1254  30
63083  0.1252  30
63159.8  0.125  30
63236.9  0.1235  30
63314.1  0.1223  30
63391.5  0.12  30
63469.1  0.1176  30
63546.9  0.1148  30
63624.8  0.1093  30
63703  0.1036  30
63781.3  0.0972  30
63859.9  0.09083  30
63938.6  0.08463  30
64017.6  0.0794  30
64096.7  0.07256  30
64176  0.06498  30
64255.6  0.05796  30
64335.3  0.04972  30
64415.2  0.04142  30
64495.3  0.03276  30
64575.6  0.0255  30
64656.1  0.01899  30
64736.9  0.01339  30
64817.8  0.009109  30
64898.9  0.005789  30
64980.2  0.003272  30
65061.8  0.00172  30
65071.8  0  30
# 285 ./IRAC.I4 0 31
62996.4  0  31
63006.4  0.003362  31
63083  0.005239  31
63159.8  0.007906  31
63236.9  0.01174  31
63314.1  0.01626  31
63391.5  0.02164  31
63469.1  0.02857  31
63546.9  0.03616  31
63624.8  0.04395  31
63703  0.05329  31
63781.3  0.06244  31
63859.9  0.07309  31
63938.6  0.08594  31
64017.6  0.1004  31
64096.7  0.1129  31
64176  0.1255  31
64255.6  0.1378  31
64335.3  0.1485  31
64415.2  0.1589  31
64495.3  0.1671  31
64575.6  0.174  31
64656.1  0.1793  31
64736.9  0.1848  31
64817.8  0.1898  31
64898.9  0.1971  31
64980.2  0.2049  31
65061.8  0.2117  31
65143.5  0.217  31
65225.4  0.2199  31
65307.6  0.2215  31
65390  0.224  31
65472.5  0.2272  31
65555.3  0.2295  31
65638.3  0.2313  31
65721.5  0.2326  31
65804.9  0.2328  31
65888.5  0.2329  31
65972.3  0.2335  31
66056.3  0.2331  31
66140.6  0.2325  31
66225.1  0.2301  31
66309.8  0.228  31
66394.7  0.2261  31
66479.8  0.2237  31
66565.1  0.2226  31
66650.7  0.2216  31
66736.5  0.222  31
66822.5  0.2236  31
66908.7  0.2262  31
66995.1  0.2286  31
67081.8  0.231  31
67168.7  0.233  31
67255.8  0.2347  31
67343.2  0.236  31
67430.7  0.2372  31
67518.5  0.2378  31
67606.6  0.2393  31
67694.8  0.2406  31
67783.3  0.2418  31
67872  0.2429  31
67961  0.244  31
68050.2  0.2448  31
68139.6  0.2461  31
68229.3  0.2471  31
68319.1  0.2481  31
68409.3  0.2485  31
68499.6  0.2491  31
68590.3  0.2494  31
68681.1  0.2492  31
68772.2  0.2488  31
68863.5  0.2483  31
68955.1  0.2477  31
69046.9  0.2473  31
69139  0.2476  31
69231.3  0.2485  31
69323.8  0.2492  31
69416.6  0.2491  31
69509.7  0.2488  31
69603  0.2479  31
69696.5  0.2469  31
69790.4  0.245  31
69884.4  0.2434  31
69978.7  0.2424  31
70073.3  0.2418  31
70168.1  0.2418  31
70263.2  0.2414  31
70358.5  0.241  31
70454.1  0.2409  31
70550  0.2403  31
70646.1  0.2396  31
70742.5  0.2392  31
70839.1  0.2396  31
70936  0.2403  31
71033.2  0.2411  31
71130.6  0.2418  31
71228.3  0.2422  31
71326.3  0.2421  31
71424.6  0.2417  31
71523.1  0.2413  31
71621.9  0.2407  31
71720.9  0.2408  31
71820.3  0.2418  31
71919.9  0.2433  31
72019.8  0.2447  31
72119.9  0.246  31
72220.4  0.2477  31
72321.1  0.2493  31
72422.1  0.2497  31
72523.4  0.2494  31
72625  0.2483  31
72726.8  0.2462  31
72829  0.2438  31
72931.4  0.2427  31
73034.1  0.242  31
73137.1  0.2428  31
73240.4  0.2442  31
73344  0.2468  31
73447.9  0.2495  31
73552.1  0.2526  31
73656.6  0.2543  31
73761.4  0.2556  31
73866.4  0.2563  31
73971.8  0.2556  31
74077.5  0.2547  31
74183.5  0.2537  31
74289.7  0.253  31
74396.3  0.2539  31
74503.2  0.2559  31
74610.4  0.2591  31
74717.9  0.2629  31
74825.7  0.2665  31
74933.9  0.27  31
75042.3  0.2728  31
75151.1  0.2755  31
75260.1  0.2778  31
75369.5  0.2796  31
75479.2  0.2809  31
75589.3  0.2822  31
75699.6  0.283  31
75810.3  0.2831  31
75921.3  0.2826  31
76032.6  0.2816  31
76144.2  0.2813  31
76256.2  0.2814  31
76368.5  0.2821  31
76481.2  0.2837  31
76594.1  0.2857  31
76707.4  0.2872  31
76821.1  0.2881  31
76935.1  0.2883  31
77049.4  0.2872  31
77164  0.2866  31
77279  0.2857  31
77394.4  0.2859  31
77510.1  0.2867  31
77626.1  0.2879  31
77742.5  0.2891  31
77859.2  0.2906  31
77976.3  0.2923  31
78093.7  0.2939  31
78211.5  0.2953  31
78329.7  0.2971  31
78448.2  0.299  31
78567  0.3007  31
78686.2  0.3016  31
78805.8  0.3022  31
78925.8  0.3014  31
79046.1  0.3002  31
79166.8  0.298  31
79287.8  0.2961  31
79409.2  0.2952  31
79531  0.2948  31
79653.2  0.2957  31
79775.7  0.2967  31
79898.7  0.2977  31
80022  0.299  31
80145.6  0.3002  31
80269.7  0.3013  31
80394.2  0.3024  31
80519  0.3032  31
80644.2  0.305  31
80769.8  0.3061  31
80895.8  0.308  31
81022.2  0.3089  31
81149  0.309  31
81276.2  0.3091  31
81403.8  0.3086  31
81531.8  0.3081  31
81660.2  0.3079  31
81789  0.3085  31
81918.2  0.3095  31
82047.8  0.3113  31
82177.9  0.3127  31
82308.3  0.3137  31
82439.2  0.3137  31
82570.4  0.3137  31
82702.1  0.3134  31
82834.2  0.3128  31
82966.8  0.3125  31
83099.7  0.3128  31
83233.1  0.3125  31
83366.9  0.3119  31
83501.2  0.3108  31
83635.9  0.3099  31
83771  0.3094  31
83906.5  0.3095  31
84042.5  0.3101  31
84178.9  0.3117  31
84315.8  0.313  31
84453.1  0.3136  31
84590.9  0.314  31
84729.1  0.3137  31
84867.8  0.3124  31
85006.9  0.3113  31
85146.5  0.3109  31
85286.6  0.3112  31
85427.1  0.3112  31
85568  0.3117  31
85709.5  0.3126  31
85851.4  0.3122  31
85993.8  0.3121  31
86136.6  0.3102  31
86279.9  0.3085  31
86423.7  0.306  31
86568  0.3026  31
86712.8  0.2981  31
86858  0.2943  31
87003.7  0.2909  31
87150  0.2892  31
87296.7  0.2898  31
87443.9  0.2916  31
87591.6  0.2938  31
87739.8  0.2958  31
87888.5  0.2973  31
88037.7  0.2984  31
88187.5  0.2981  31
88337.7  0.2965  31
88488.5  0.2939  31
88639.7  0.2914  31
88791.5  0.2889  31
88943.8  0.2875  31
89096.6  0.2857  31
89250  0.2841  31
89403.8  0.2827  31
89558.3  0.2806  31
89713.2  0.2781  31
89868.7  0.2756  31
90024.7  0.2737  31
90181.3  0.2713  31
90338.4  0.2686  31
90496  0.2659  31
90654.3  0.2641  31
90813  0.2616  31
90972.3  0.2578  31
91132.2  0.2536  31
91292.7  0.2497  31
91453.7  0.2429  31
91615.2  0.2345  31
91777.4  0.2242  31
91940.1  0.2141  31
92103.4  0.2015  31
92267.3  0.1898  31
92431.8  0.1774  31
92596.8  0.1653  31
92762.5  0.1534  31
92928.7  0.1437  31
93095.6  0.1334  31
93263  0.1235  31
93431  0.1132  31
93599.7  0.1022  31
93769  0.09073  31
93938.8  0.07915  31
94109.3  0.06783  31
94280.4  0.05607  31
94452.2  0.04578  31
94624.5  0.03604  31
94797.5  0.02739  31
94971.1  0.02015  31
95145.4  0.01445  31
95320.3  0.01021  31
95495.8  0.007234  31
95672  0.00491  31
95848.9  0.003291  31
95858.9  0  31
